/*
 Navicat Premium Data Transfer

 Source Server         : my_db
 Source Server Type    : MySQL
 Source Server Version : 80032
 Source Host           : localhost:3306
 Source Schema         : stray_animals_rescue_platform

 Target Server Type    : MySQL
 Target Server Version : 80032
 File Encoding         : 65001

 Date: 26/04/2024 17:01:04
*/

SET NAMES utf8mb4;
SET FOREIGN_KEY_CHECKS = 0;

-- ----------------------------
-- Table structure for sys_user
-- ----------------------------
DROP TABLE IF EXISTS `sys_user`;
CREATE TABLE `sys_user`  (
  `id` varchar(32) CHARACTER SET utf8mb4 COLLATE utf8mb4_bin NOT NULL COMMENT '用户id',
  `account` varchar(45) CHARACTER SET utf8mb4 COLLATE utf8mb4_bin NULL DEFAULT NULL COMMENT '账号',
  `password` varchar(45) CHARACTER SET utf8mb4 COLLATE utf8mb4_bin NULL DEFAULT NULL COMMENT '密码',
  `salt` varchar(10) CHARACTER SET utf8mb4 COLLATE utf8mb4_bin NULL DEFAULT NULL COMMENT '密码盐',
  `avatar` varchar(255) CHARACTER SET utf8mb4 COLLATE utf8mb4_bin NULL DEFAULT '' COMMENT '头像',
  `phone` varchar(45) CHARACTER SET utf8mb4 COLLATE utf8mb4_bin NULL DEFAULT NULL COMMENT '手机号',
  `name` varchar(50) CHARACTER SET utf8mb4 COLLATE utf8mb4_bin NULL DEFAULT NULL COMMENT '账户名称',
  `gender` varchar(10) CHARACTER SET utf8mb4 COLLATE utf8mb4_bin NULL DEFAULT NULL COMMENT '性别 F-女 M-男',
  `user_type` varchar(45) CHARACTER SET utf8mb4 COLLATE utf8mb4_bin NULL DEFAULT NULL COMMENT '用户类型 NORMAL_USER-普通用户 PLATFORM_ADMIN-平台管理员',
  `status` int NOT NULL COMMENT '状态',
  `create_id` varchar(32) CHARACTER SET utf8mb4 COLLATE utf8mb4_bin NULL DEFAULT NULL COMMENT '创建人id',
  `create_time` datetime NULL DEFAULT NULL COMMENT '创建时间',
  `update_id` varchar(32) CHARACTER SET utf8mb4 COLLATE utf8mb4_bin NULL DEFAULT NULL COMMENT '更新人id',
  `update_time` datetime NULL DEFAULT NULL COMMENT '更新时间',
  PRIMARY KEY (`id`) USING BTREE,
  UNIQUE INDEX `account`(`account`) USING BTREE,
  UNIQUE INDEX `phone`(`phone`) USING BTREE
) ENGINE = InnoDB CHARACTER SET = utf8mb4 COLLATE = utf8mb4_bin COMMENT = '登录用户信息表' ROW_FORMAT = Dynamic;

-- ----------------------------
-- Records of sys_user
-- ----------------------------
INSERT INTO `sys_user` VALUES ('1751982013341843457', '561429258233', '930b90a1e765128535129ade61189d37', 'altr', 'http://127.0.0.1:8080/image/avatar/ed8fa3142c1cb2cab53111fb60a4c67b.jpg', '18967668088', '邪恶佩奇', 'F', 'NORMAL_USER', 1, NULL, '2024-01-29 22:53:57', NULL, '2024-01-29 22:53:57');
INSERT INTO `sys_user` VALUES ('1752518962293059585', '485249983026', '5e58f4ba35ba3d1f4c721774bff0c29a', 'drkp', '', '13566665555', '我没k', 'F', 'NORMAL_USER', 1, NULL, '2024-01-31 10:27:36', NULL, '2024-01-31 10:27:36');
INSERT INTO `sys_user` VALUES ('1768486460733607937', '168094025507', 'cb3eccb01b34ab116ef4138fcdd577ea', '8rxj', '', '16565667898', 'wlj', 'F', 'NORMAL_USER', 1, NULL, '2024-03-15 11:56:44', NULL, '2024-03-15 11:56:44');
INSERT INTO `sys_user` VALUES ('1768486859209265153', '839319540616', 'ac2d1f946f519dc53617633d8ff378ef', 'kkgt', '', '1', '1', 'F', 'NORMAL_USER', 1, NULL, '2024-03-15 11:58:19', NULL, '2024-03-15 11:58:19');
INSERT INTO `sys_user` VALUES ('1768559397486559233', '153904039696', 'f218ad63cb64c8e1cb8cbf2112867528', 'vmcg', '', '17865675456', 'royk', 'F', 'NORMAL_USER', 1, NULL, '2024-03-15 16:46:33', '1751982013341843457', '2024-03-19 18:37:47');
INSERT INTO `sys_user` VALUES ('1768561917894119426', '385734624705', 'fa2be32c4805135461b200c6d9a8058c', 'hdmm', '', '17865453456', 'royk', 'F', 'NORMAL_USER', 1, NULL, '2024-03-15 16:56:34', NULL, '2024-03-15 16:56:34');
INSERT INTO `sys_user` VALUES ('1768562349051793409', '303858685562', 'b4d4279e0750311a86abd9b5e20f9aff', 'frc5', '', '13667668032', '萧瑟', 'F', 'NORMAL_USER', 1, NULL, '2024-03-15 16:58:17', NULL, '2024-03-15 16:58:17');
INSERT INTO `sys_user` VALUES ('1769920699836444674', '719370458695', '0d8bde2e1c1caccff59e3cffafe56f74', 'vvu3', '', '13588888888', 'Ame^^', 'M', 'NORMAL_USER', 1, '1751982013341843457', '2024-03-19 10:55:53', '1751982013341843457', '2024-03-19 15:57:40');
INSERT INTO `sys_user` VALUES ('1770043748845977601', '162396931607', '1beb8fbeb64b4d65a2a06b1abf8e67a4', '2q4h', '', '15676357890', 'Zhou', 'M', 'NORMAL_USER', 1, '1751982013341843457', '2024-03-19 19:04:50', '1751982013341843457', '2024-03-19 19:05:16');
INSERT INTO `sys_user` VALUES ('1770044834147303426', '168442891973', '61eeb1a1760903750c2e93d9e7fb95e1', 'qbj5', '', '16756476567', 'YYF', 'M', 'NORMAL_USER', 1, '1751982013341843457', '2024-03-19 19:09:09', '1751982013341843457', '2024-03-19 19:09:09');
INSERT INTO `sys_user` VALUES ('1770045629332815873', '455142493308', 'ba20078782d3a44da085756ce573dea0', 'y30j', '', '15678789090', 'Maybe', 'M', 'NORMAL_USER', 1, '1751982013341843457', '2024-03-19 19:12:19', '1751982013341843457', '2024-03-19 19:52:36');
INSERT INTO `sys_user` VALUES ('1770857331544580097', 'admin', '7693a42e8ec60c6df6972d37a608c6c2', 'as3b', 'http://127.0.0.1:8080/image/avatar/a94b6f892c35462324cabbe6f84e5c4e.jpg', '16789876567', 'admin', 'F', 'PLATFORM_ADMIN', 1, NULL, '2024-03-22 00:57:43', '1770857331544580097', '2024-04-01 18:00:15');
INSERT INTO `sys_user` VALUES ('1774752851241500673', '658191848377', '5f0e31b8a8fee2efeb435b071e2d2fed', 'rea9', 'http://127.0.0.1:8080/image/avatar/15b01494aedb615e5a46ad9af0d9ecb9.jpg', '13678787878', '去码头整点薯条', 'F', 'NORMAL_USER', 1, NULL, '2024-04-01 18:57:08', NULL, '2024-04-01 18:57:08');
INSERT INTO `sys_user` VALUES ('1775971753153875969', '188828360002', '56781be7554e9f24d528a9e1d434a0c5', 'b17u', '', '18966669090', '小饼干', 'F', 'NORMAL_USER', 1, NULL, '2024-04-05 03:40:37', NULL, '2024-04-05 03:40:37');

-- ----------------------------
-- Table structure for tbl_adopt_record
-- ----------------------------
DROP TABLE IF EXISTS `tbl_adopt_record`;
CREATE TABLE `tbl_adopt_record`  (
  `id` varchar(32) CHARACTER SET utf8mb4 COLLATE utf8mb4_bin NOT NULL COMMENT '领养记录id',
  `animal_id` varchar(32) CHARACTER SET utf8mb4 COLLATE utf8mb4_bin NULL DEFAULT NULL COMMENT '宠物id',
  `status` int NULL DEFAULT NULL COMMENT '审核状态 1-待审核 2-审核通过 3-审核拒绝',
  `reapply_flag` int NULL DEFAULT NULL COMMENT '是否重新提交申请 0-否 1-是',
  `contact_phone` varchar(45) CHARACTER SET utf8mb4 COLLATE utf8mb4_bin NULL DEFAULT NULL COMMENT '联系电话',
  `remark` varchar(255) CHARACTER SET utf8mb4 COLLATE utf8mb4_bin NULL DEFAULT NULL COMMENT '申请备注',
  `start_date` datetime NULL DEFAULT NULL COMMENT '领养开始日期',
  `end_date` datetime NULL DEFAULT NULL COMMENT '领养结束日期',
  `audit_id` varchar(32) CHARACTER SET utf8mb4 COLLATE utf8mb4_bin NULL DEFAULT NULL COMMENT '审核人id',
  `audit_time` datetime NULL DEFAULT NULL COMMENT '审核时间',
  `audit_remark` varchar(255) CHARACTER SET utf8mb4 COLLATE utf8mb4_bin NULL DEFAULT NULL COMMENT '审核备注',
  `create_id` varchar(32) CHARACTER SET utf8mb4 COLLATE utf8mb4_bin NULL DEFAULT NULL COMMENT '创建人id',
  `create_time` datetime NULL DEFAULT NULL COMMENT '创建时间',
  `update_id` varchar(32) CHARACTER SET utf8mb4 COLLATE utf8mb4_bin NULL DEFAULT NULL COMMENT '更新人id',
  `update_time` datetime NULL DEFAULT NULL COMMENT '更新时间',
  `is_del` int NOT NULL COMMENT '逻辑删除 0-否 1-是',
  PRIMARY KEY (`id`) USING BTREE
) ENGINE = InnoDB CHARACTER SET = utf8mb4 COLLATE = utf8mb4_bin COMMENT = '流浪动物领养申请记录信息表' ROW_FORMAT = Dynamic;

-- ----------------------------
-- Records of tbl_adopt_record
-- ----------------------------
INSERT INTO `tbl_adopt_record` VALUES ('1773549813868855297', '1773263966632230913', 3, NULL, '我想养它', NULL, NULL, '1770857331544580097', '2024-03-30 07:21:53', '联系电话没写', '1751982013341843457', '2024-03-29 11:16:41', '1770857331544580097', '2024-03-30 07:21:53', 0);
INSERT INTO `tbl_adopt_record` VALUES ('1773693733286199297', '1773263966632230913', 3, '16726564565', '我想养它', NULL, NULL, '1770857331544580097', '2024-03-30 07:22:27', '还是拒绝', '1751982013341843457', '2024-03-29 20:48:34', '1770857331544580097', '2024-03-30 07:22:27', 0);
INSERT INTO `tbl_adopt_record` VALUES ('1773731877180174338', '1773267900876800001', 2, '16726564565', '我想养它', '2024-03-30 07:26:26', NULL, '1770857331544580097', '2024-03-30 07:26:26', '', '1751982013341843457', '2024-03-29 23:20:09', '1770857331544580097', '2024-03-30 07:26:26', 0);
INSERT INTO `tbl_adopt_record` VALUES ('1773795329139585025', '1773263966632230913', 3, '12566663567', '申请领养测试1', NULL, NULL, '1770857331544580097', '2024-03-30 07:23:04', '重新再来', '1751982013341843457', '2024-03-30 03:32:17', '1770857331544580097', '2024-03-30 07:23:04', 0);
INSERT INTO `tbl_adopt_record` VALUES ('1773797826637901826', '1773267630218362882', 3, '18967668888', '1', NULL, NULL, '1770857331544580097', '2024-03-30 07:28:21', '不行', '1751982013341843457', '2024-03-30 03:42:12', '1770857331544580097', '2024-03-30 07:28:21', 0);
INSERT INTO `tbl_adopt_record` VALUES ('1773797923530518530', '1773267565013712898', 2, '18967668888', '2', '2024-03-30 17:36:54', NULL, '1770857331544580097', '2024-03-30 17:36:54', '审核通过', '1751982013341843457', '2024-03-30 03:42:35', '1770857331544580097', '2024-03-30 17:36:54', 0);
INSERT INTO `tbl_adopt_record` VALUES ('1773802491920297986', '1773267443513114626', 2, '18967668888', '1', '2024-03-30 16:13:21', NULL, '1770857331544580097', '2024-03-30 16:13:21', '好的', '1751982013341843457', '2024-03-30 04:00:44', '1770857331544580097', '2024-03-30 16:13:21', 0);
INSERT INTO `tbl_adopt_record` VALUES ('1773803980671725570', '1773267350957408257', 3, '18967668888', '1', NULL, NULL, '1770857331544580097', '2024-03-30 08:31:25', '111', '1751982013341843457', '2024-03-30 04:06:39', '1770857331544580097', '2024-03-30 08:31:25', 0);
INSERT INTO `tbl_adopt_record` VALUES ('1774126168939438081', '1772110202382626817', 3, '18967668888', '备注备注', NULL, NULL, '1770857331544580097', '2024-03-31 01:34:35', '1', '1751982013341843457', '2024-03-31 01:26:55', '1770857331544580097', '2024-03-31 01:34:35', 0);
INSERT INTO `tbl_adopt_record` VALUES ('1774141753463169025', '1773264154050510849', 1, '18967668888', '我要领养！', NULL, NULL, NULL, NULL, NULL, '1751982013341843457', '2024-03-31 02:28:51', '1751982013341843457', '2024-03-31 02:28:51', 0);

-- ----------------------------
-- Table structure for tbl_animal
-- ----------------------------
DROP TABLE IF EXISTS `tbl_animal`;
CREATE TABLE `tbl_animal`  (
  `id` varchar(32) CHARACTER SET utf8mb4 COLLATE utf8mb4_bin NOT NULL COMMENT '宠物id',
  `name` varchar(45) CHARACTER SET utf8mb4 COLLATE utf8mb4_bin NULL DEFAULT NULL COMMENT '名称',
  `animal_no` varchar(45) CHARACTER SET utf8mb4 COLLATE utf8mb4_bin NOT NULL COMMENT '宠物编号',
  `category_id` varchar(32) CHARACTER SET utf8mb4 COLLATE utf8mb4_bin NULL DEFAULT NULL COMMENT '分类id',
  `owner_id` varchar(32) CHARACTER SET utf8mb4 COLLATE utf8mb4_bin NULL DEFAULT NULL COMMENT '当前主人id',
  `gender` varchar(10) CHARACTER SET utf8mb4 COLLATE utf8mb4_bin NULL DEFAULT NULL COMMENT '性别 F-雌性 M-雄性',
  `birthday` datetime NULL DEFAULT NULL COMMENT '出生日期',
  `weight` decimal(10, 2) NULL DEFAULT NULL COMMENT '体重（千克）',
  `is_adopt` int NOT NULL COMMENT '是否领养 0-否 1-是',
  `is_lost` int NOT NULL COMMENT '是否遗失 0-否 1-是',
  `desc` varchar(255) CHARACTER SET utf8mb4 COLLATE utf8mb4_bin NULL DEFAULT NULL COMMENT '描述信息',
  `create_id` varchar(32) CHARACTER SET utf8mb4 COLLATE utf8mb4_bin NULL DEFAULT NULL COMMENT '创建人id',
  `create_time` datetime NULL DEFAULT NULL COMMENT '创建时间',
  `update_id` varchar(32) CHARACTER SET utf8mb4 COLLATE utf8mb4_bin NULL DEFAULT NULL COMMENT '更新人id',
  `update_time` datetime NULL DEFAULT NULL COMMENT '更新时间',
  `is_del` int NOT NULL COMMENT '逻辑删除 0-否 1-是',
  PRIMARY KEY (`id`) USING BTREE,
  UNIQUE INDEX `animal_no`(`animal_no`) USING BTREE
) ENGINE = InnoDB CHARACTER SET = utf8mb4 COLLATE = utf8mb4_bin COMMENT = '流浪动物信息表' ROW_FORMAT = Dynamic;

-- ----------------------------
-- Records of tbl_animal
-- ----------------------------
INSERT INTO `tbl_animal` VALUES ('1764281700681822210', '嘟嘟', '240303760972', '1763389518856892418', '1751982013341843457', 'F', NULL, NULL, 0, 1, '小狗', '1752518962293059585', '2024-03-03 21:28:31', '1751982013341843457', '2024-03-07 11:57:36', 0);
INSERT INTO `tbl_animal` VALUES ('1764563535404011522', '嘟嘟嘟', '240304876487', '1763389821836636162', '1751982013341843457', 'M', '2024-03-01 00:00:00', 2.00, 0, 0, '描述信息描述信息描述信息描述信息描述信息描述信息描述信息描述信息描述信息描述信息描述信息描述信息描述信息描述信息描述信息描述信息描述信息描述信息描述信息描述信息描述信息描述信息描述信息描述信息描述信息描述信息描述信息描述信息描述信息描述信息描述信息描述信息', '1751982013341843457', '2024-03-04 16:08:26', '1770857331544580097', '2024-03-25 10:15:00', 0);
INSERT INTO `tbl_animal` VALUES ('1764581127476834305', '小狗1号', '240304109398', '1763390044038279170', '1751982013341843457', 'F', NULL, NULL, 0, 1, NULL, '1751982013341843457', '2024-03-04 17:18:20', '1751982013341843457', '2024-03-07 11:57:30', 0);
INSERT INTO `tbl_animal` VALUES ('1764581586094616577', '小狗2号', '240304549444', '1763390044038279170', '1751982013341843457', 'M', NULL, NULL, 0, 1, NULL, '1751982013341843457', '2024-03-04 17:20:09', '1751982013341843457', '2024-03-07 11:57:50', 0);
INSERT INTO `tbl_animal` VALUES ('1764599774287024130', '小猫1号', '240304224262', '1763390044038279170', '1751982013341843457', 'M', NULL, NULL, 1, 0, NULL, '1751982013341843457', '2024-03-04 18:32:26', '1751982013341843457', '2024-03-14 16:49:39', 0);
INSERT INTO `tbl_animal` VALUES ('1772110202382626817', '测试宠物1', '240325119320', '1763390044038279170', '1768486460733607937', 'M', '2024-02-12 00:00:00', 2.00, 0, 0, '测试宠物1', '1770857331544580097', '2024-03-25 11:56:11', '1770857331544580097', '2024-03-25 11:56:11', 0);
INSERT INTO `tbl_animal` VALUES ('1772110312114008065', '测试宠物2', '240325558611', '1763495111567450113', '1768486460733607937', 'M', '2024-02-12 00:00:00', 2.00, 0, 0, '测试宠物2', '1770857331544580097', '2024-03-25 11:56:37', '1770857331544580097', '2024-03-25 11:56:37', 0);
INSERT INTO `tbl_animal` VALUES ('1772144324245237762', '测试宠物3', '240325715722', '1764225588167208961', NULL, 'M', NULL, NULL, 0, 1, '测试宠物3', '1770857331544580097', '2024-03-25 14:11:46', '1770857331544580097', '2024-03-25 14:11:46', 0);
INSERT INTO `tbl_animal` VALUES ('1772144895350059010', '测试宠物4', '240325153827', '1763389762940219393', NULL, 'M', NULL, NULL, 0, 1, NULL, '1770857331544580097', '2024-03-25 14:14:03', '1770857331544580097', '2024-03-25 14:14:03', 0);
INSERT INTO `tbl_animal` VALUES ('1772145730503098370', '测试宠物5', '240325046683', '1764225588167208961', NULL, 'M', NULL, NULL, 1, 0, '测试宠物5', '1770857331544580097', '2024-03-25 14:17:22', '1770857331544580097', '2024-03-25 14:20:41', 0);
INSERT INTO `tbl_animal` VALUES ('1772145884262088706', '测试宠物6', '240325320014', '1764208201476894721', NULL, 'M', NULL, NULL, 0, 0, NULL, '1770857331544580097', '2024-03-25 14:17:58', '1770857331544580097', '2024-03-25 14:20:31', 1);
INSERT INTO `tbl_animal` VALUES ('1772922542749478913', NULL, '240327080688', '1763389762940219393', NULL, 'M', NULL, NULL, 0, 0, NULL, '1770857331544580097', '2024-03-27 17:44:08', '1770857331544580097', '2024-03-27 17:44:08', 0);
INSERT INTO `tbl_animal` VALUES ('1772972570364981249', '萨摩耶小狗1', '240327170337', '1763389762940219393', '1768486460733607937', 'M', '2023-09-27 08:00:00', 12.00, 1, 0, NULL, '1770857331544580097', '2024-03-27 21:02:56', '1770857331544580097', '2024-03-28 11:48:35', 0);
INSERT INTO `tbl_animal` VALUES ('1772985117625352194', '耶耶123', '240327424786', '1764215564686618626', '1768562349051793409', 'F', '2024-03-01 00:00:00', 12.00, 1, 0, NULL, '1770857331544580097', '2024-03-27 21:52:47', '1770857331544580097', '2024-03-27 21:52:47', 0);
INSERT INTO `tbl_animal` VALUES ('1772988686676066306', '萨摩耶2', '240327313234', '1763389821836636162', '1751982013341843457', 'M', '2024-01-16 08:00:00', 8.00, 0, 0, NULL, '1770857331544580097', '2024-03-27 22:06:58', '1770857331544580097', '2024-03-27 23:17:00', 0);
INSERT INTO `tbl_animal` VALUES ('1773261975109582849', '秋田doge', '240328390370', '1763495127895875585', '1768486460733607937', 'M', '2022-06-21 00:00:00', 8.00, 1, 1, NULL, '1770857331544580097', '2024-03-28 16:12:55', '1770857331544580097', '2024-03-28 16:12:55', 0);
INSERT INTO `tbl_animal` VALUES ('1773262367625134081', '二哈大傻', '240328786602', '1763390044038279170', '1768559397486559233', 'M', '2024-03-07 00:00:00', 15.00, 0, 1, NULL, '1770857331544580097', '2024-03-28 16:14:29', '1770857331544580097', '2024-03-28 16:14:29', 0);
INSERT INTO `tbl_animal` VALUES ('1773263323611873282', '二哈二傻', '240328010816', '1764215564686618626', '1768559397486559233', 'F', '2023-11-27 00:00:00', NULL, 1, 1, NULL, '1770857331544580097', '2024-03-28 16:18:17', '1770857331544580097', '2024-03-28 16:18:17', 0);
INSERT INTO `tbl_animal` VALUES ('1773263527790592001', '二哈三傻', '240328159110', '1763390044038279170', '1768486460733607937', 'F', '2023-03-08 00:00:00', 3.00, 1, 0, NULL, '1770857331544580097', '2024-03-28 16:19:05', '1770857331544580097', '2024-03-28 16:19:05', 0);
INSERT INTO `tbl_animal` VALUES ('1773263834561986562', '哈士奇1', '240328865743', '1763495127895875585', '1768486460733607937', 'M', '2024-03-05 00:00:00', 5.00, 1, 0, NULL, '1770857331544580097', '2024-03-28 16:20:18', '1770857331544580097', '2024-03-28 16:20:18', 0);
INSERT INTO `tbl_animal` VALUES ('1773263966632230913', '哈士奇2', '240328019969', '1763495127895875585', '1768486460733607937', 'M', '2024-03-04 08:00:00', 3.00, 0, 0, '描述信息描述信息描述信息描述信息描述信息描述信息描述信息描述信息描述信息描述信息描述信息描述信息描述信息描述信息描述信息描述信息描述信息描述信息描述信息描述信息描述信息描述信息描述信息描述信息描述信息描述信息描述信息描述信息描述信息描述信息描述信息描述信息描述信息描述信息描述信息描述信息描述信息描述信息描述信息描述信息描述信息描述信息描述信息描述信息描述信息描述信息描述信息描述信息描述信息描述信息', '1770857331544580097', '2024-03-28 16:20:50', '1770857331544580097', '2024-03-29 02:23:40', 0);
INSERT INTO `tbl_animal` VALUES ('1773264059624144898', '哈士奇3', '240328713024', '1763495127895875585', '1768486460733607937', 'F', '2024-03-03 00:00:00', 6.00, 0, 1, NULL, '1770857331544580097', '2024-03-28 16:21:12', '1770857331544580097', '2024-03-28 16:21:12', 0);
INSERT INTO `tbl_animal` VALUES ('1773264154050510849', '哈士奇4', '240328197216', '1763495193339600898', '1768486460733607937', 'F', '2023-03-14 00:00:00', NULL, 0, 0, NULL, '1770857331544580097', '2024-03-28 16:21:35', '1770857331544580097', '2024-03-31 02:28:32', 0);
INSERT INTO `tbl_animal` VALUES ('1773264437400911874', '秋田1', '240328983655', '1763495111567450113', NULL, 'M', NULL, NULL, 0, 1, NULL, '1770857331544580097', '2024-03-28 16:22:42', '1770857331544580097', '2024-03-28 16:22:42', 0);
INSERT INTO `tbl_animal` VALUES ('1773265230728347650', '秋田2', '240328854284', '1763389578659278849', '1768486460733607937', 'M', '2024-02-05 00:00:00', 4.00, 1, 1, NULL, '1770857331544580097', '2024-03-28 16:25:51', '1770857331544580097', '2024-03-28 16:25:51', 0);
INSERT INTO `tbl_animal` VALUES ('1773267098137346050', '秋田3', '240328838523', '1763495136305455106', '1768486460733607937', 'F', '2022-03-15 00:00:00', 6.00, 0, 1, NULL, '1770857331544580097', '2024-03-28 16:33:17', '1770857331544580097', '2024-03-28 16:33:17', 0);
INSERT INTO `tbl_animal` VALUES ('1773267278588887041', '可爱秋田', '240328603753', '1763495111567450113', '1769920699836444674', 'M', NULL, NULL, 1, 0, NULL, '1770857331544580097', '2024-03-28 16:34:00', '1770857331544580097', '2024-03-28 16:34:00', 0);
INSERT INTO `tbl_animal` VALUES ('1773267350957408257', '秋田4', '240328598619', '1763495111567450113', NULL, 'M', NULL, NULL, 0, 0, NULL, '1770857331544580097', '2024-03-28 16:34:17', '1770857331544580097', '2024-03-28 16:34:17', 0);
INSERT INTO `tbl_animal` VALUES ('1773267443513114626', 'doge', '240328125123', '1763495136305455106', '1751982013341843457', 'M', NULL, NULL, 1, 0, NULL, '1770857331544580097', '2024-03-28 16:34:39', '1770857331544580097', '2024-03-30 16:13:21', 0);
INSERT INTO `tbl_animal` VALUES ('1773267565013712898', 'dogedoge', '240328703987', '1763495193339600898', '1751982013341843457', 'M', NULL, NULL, 1, 0, NULL, '1770857331544580097', '2024-03-28 16:35:08', '1770857331544580097', '2024-03-30 17:36:54', 0);
INSERT INTO `tbl_animal` VALUES ('1773267630218362882', 'hahahahaha', '240328729194', '1763495193339600898', NULL, 'M', NULL, NULL, 0, 0, NULL, '1770857331544580097', '2024-03-28 16:35:23', '1770857331544580097', '2024-03-28 16:35:23', 0);
INSERT INTO `tbl_animal` VALUES ('1773267900876800001', 'dogedogedogedogedogedogedoge', '240328192958', '1763495193339600898', NULL, 'M', NULL, NULL, 0, 0, NULL, '1770857331544580097', '2024-03-28 16:36:28', '1770857331544580097', '2024-03-28 16:36:28', 0);

-- ----------------------------
-- Table structure for tbl_animal_category
-- ----------------------------
DROP TABLE IF EXISTS `tbl_animal_category`;
CREATE TABLE `tbl_animal_category`  (
  `id` varchar(32) CHARACTER SET utf8mb4 COLLATE utf8mb4_bin NOT NULL COMMENT '分类id',
  `pid` varchar(32) CHARACTER SET utf8mb4 COLLATE utf8mb4_bin NULL DEFAULT NULL COMMENT '父级id',
  `name` varchar(45) CHARACTER SET utf8mb4 COLLATE utf8mb4_bin NULL DEFAULT NULL COMMENT '名称',
  `level` int NULL DEFAULT NULL COMMENT '层级',
  `status` int NULL DEFAULT NULL COMMENT '状态 1-启用 2-禁用',
  `sort` int NULL DEFAULT NULL COMMENT '排序',
  `remark` varchar(255) CHARACTER SET utf8mb4 COLLATE utf8mb4_bin NULL DEFAULT NULL COMMENT '备注',
  `create_id` varchar(32) CHARACTER SET utf8mb4 COLLATE utf8mb4_bin NULL DEFAULT NULL COMMENT '创建人id',
  `create_time` datetime NULL DEFAULT NULL COMMENT '创建时间',
  `update_id` varchar(32) CHARACTER SET utf8mb4 COLLATE utf8mb4_bin NULL DEFAULT NULL COMMENT '更新人id',
  `update_time` datetime NULL DEFAULT NULL COMMENT '更新时间',
  `is_del` int NOT NULL COMMENT '逻辑删除 0-否 1-是',
  PRIMARY KEY (`id`) USING BTREE
) ENGINE = InnoDB CHARACTER SET = utf8mb4 COLLATE = utf8mb4_bin COMMENT = '动物分类信息表' ROW_FORMAT = Dynamic;

-- ----------------------------
-- Records of tbl_animal_category
-- ----------------------------
INSERT INTO `tbl_animal_category` VALUES ('0', '-1', '动物类目分类树', 0, 1, 1, '', '1752518962293059585', '2024-03-01 10:13:57', '1751982013341843457', '2024-03-19 18:37:05', 0);
INSERT INTO `tbl_animal_category` VALUES ('1763389518856892418', '0', '一级类目1', 1, 2, 1, '一级类目1', '1752518962293059585', '2024-03-01 10:23:18', '1770857331544580097', '2024-04-05 05:58:21', 0);
INSERT INTO `tbl_animal_category` VALUES ('1763389578659278849', '0', '一级类目2', 1, 1, 1, '', '1752518962293059585', '2024-03-01 10:23:32', '1751982013341843457', '2024-03-07 10:44:41', 0);
INSERT INTO `tbl_animal_category` VALUES ('1763389762940219393', '1763389518856892418', '二级类目1', 2, 2, 1, '', '1752518962293059585', '2024-03-01 10:24:16', '1770857331544580097', '2024-04-05 05:58:21', 0);
INSERT INTO `tbl_animal_category` VALUES ('1763389821836636162', '1763389518856892418', '二级类目2', 2, 2, 2, '', '1752518962293059585', '2024-03-01 10:24:30', '1770857331544580097', '2024-04-05 05:58:21', 0);
INSERT INTO `tbl_animal_category` VALUES ('1763389957899857921', '1763389578659278849', '二级类目3', 2, 2, 1, '', '1752518962293059585', '2024-03-01 10:25:03', '1751982013341843457', '2024-03-07 10:44:38', 0);
INSERT INTO `tbl_animal_category` VALUES ('1763390044038279170', '1763389578659278849', '二级类目4', 2, 2, 2, '', '1752518962293059585', '2024-03-01 10:25:23', '1751982013341843457', '2024-03-07 10:44:38', 0);
INSERT INTO `tbl_animal_category` VALUES ('1763495111567450113', '0', '一级类目3', 1, 2, 3, '', '1752518962293059585', '2024-03-01 17:22:53', '1770857331544580097', '2024-04-05 05:58:28', 0);
INSERT INTO `tbl_animal_category` VALUES ('1763495127895875585', '0', '一级类目4', 1, 1, 4, '', '1752518962293059585', '2024-03-01 17:22:57', '1752518962293059585', '2024-03-01 17:22:57', 0);
INSERT INTO `tbl_animal_category` VALUES ('1763495136305455106', '0', '一级类目5', 1, 1, 5, '', '1752518962293059585', '2024-03-01 17:22:59', '1752518962293059585', '2024-03-01 17:22:59', 0);
INSERT INTO `tbl_animal_category` VALUES ('1763495193339600898', '0', '一级类目6', 1, 1, 6, '', '1752518962293059585', '2024-03-01 17:23:13', '1752518962293059585', '2024-03-01 17:23:13', 0);
INSERT INTO `tbl_animal_category` VALUES ('1763495195541610498', '0', '一级类目7', 1, 1, 7, '', '1752518962293059585', '2024-03-01 17:23:13', '1752518962293059585', '2024-03-01 17:23:13', 0);
INSERT INTO `tbl_animal_category` VALUES ('1763495197227720706', '0', '一级类目8', 1, 1, 8, '', '1752518962293059585', '2024-03-01 17:23:14', '1751982013341843457', '2024-03-03 03:59:24', 1);
INSERT INTO `tbl_animal_category` VALUES ('1763495198523760642', '0', '一级类目9', 1, 1, 9, '', '1752518962293059585', '2024-03-01 17:23:14', '1751982013341843457', '2024-03-03 03:58:27', 1);
INSERT INTO `tbl_animal_category` VALUES ('1763495682835849218', '0', '一级类目10', 1, 1, 10, '', '1752518962293059585', '2024-03-01 17:25:10', '1751982013341843457', '2024-03-03 03:54:46', 1);
INSERT INTO `tbl_animal_category` VALUES ('1763495683481772034', '0', '一级类目11', 1, 1, 11, '', '1752518962293059585', '2024-03-01 17:25:10', '1751982013341843457', '2024-03-03 03:54:54', 1);
INSERT INTO `tbl_animal_category` VALUES ('1763495684580679681', '0', '一级类目12', 1, 1, 12, '', '1752518962293059585', '2024-03-01 17:25:10', '1751982013341843457', '2024-03-03 03:55:41', 1);
INSERT INTO `tbl_animal_category` VALUES ('1764205616493785089', '1763389762940219393', '三级类目1', 3, 2, 1, NULL, '1751982013341843457', '2024-03-03 16:26:11', '1770857331544580097', '2024-04-05 05:58:21', 0);
INSERT INTO `tbl_animal_category` VALUES ('1764208201476894721', '1763389762940219393', '三级类目2', 3, 2, 2, NULL, '1751982013341843457', '2024-03-03 16:36:27', '1770857331544580097', '2024-04-05 05:58:21', 0);
INSERT INTO `tbl_animal_category` VALUES ('1764215564686618626', '1763389821836636162', '三级类目3', 3, 2, 1, NULL, '1751982013341843457', '2024-03-03 17:05:43', '1770857331544580097', '2024-04-05 05:58:21', 0);
INSERT INTO `tbl_animal_category` VALUES ('1764225588167208961', '1764205616493785089', '四级类目1', 4, 2, 1, NULL, '1751982013341843457', '2024-03-03 17:45:33', '1770857331544580097', '2024-04-05 05:58:21', 0);
INSERT INTO `tbl_animal_category` VALUES ('1764227218308624386', '1763389821836636162', 'test', 3, 1, 1, NULL, '1751982013341843457', '2024-03-03 17:52:01', '1751982013341843457', '2024-03-05 10:34:29', 1);
INSERT INTO `tbl_animal_category` VALUES ('1764831111245778946', '1763389762940219393', 'test1', 3, 1, 1, NULL, '1751982013341843457', '2024-03-05 09:51:41', '1751982013341843457', '2024-03-05 10:34:16', 1);
INSERT INTO `tbl_animal_category` VALUES ('1764833503978770434', '1764831111245778946', '1111', 4, 1, 1, NULL, '1751982013341843457', '2024-03-05 10:01:11', '1751982013341843457', '2024-03-05 10:01:11', 0);
INSERT INTO `tbl_animal_category` VALUES ('1764834390650441729', '1763495127895875585', 'test2', 2, 1, 1, NULL, '1751982013341843457', '2024-03-05 10:04:42', '1751982013341843457', '2024-03-05 10:34:36', 1);
INSERT INTO `tbl_animal_category` VALUES ('1764835263304749058', '1763495127895875585', '123', 2, 1, 2, NULL, '1751982013341843457', '2024-03-05 10:08:10', '1751982013341843457', '2024-03-05 10:34:37', 1);
INSERT INTO `tbl_animal_category` VALUES ('1764835389918203906', '1763495136305455106', '123', 2, 1, 2, NULL, '1751982013341843457', '2024-03-05 10:08:41', '1751982013341843457', '2024-03-05 10:34:41', 1);
INSERT INTO `tbl_animal_category` VALUES ('1764836448581505025', '1763495193339600898', '123', 2, 1, 1, NULL, '1751982013341843457', '2024-03-05 10:12:53', '1751982013341843457', '2024-03-05 10:34:46', 1);
INSERT INTO `tbl_animal_category` VALUES ('1764837838343163906', '1763495195541610498', '212323', 2, 1, 1, NULL, '1751982013341843457', '2024-03-05 10:18:24', '1751982013341843457', '2024-03-05 10:34:49', 1);
INSERT INTO `tbl_animal_category` VALUES ('1764839102854516738', '1763389518856892418', 'test123', 2, 1, 1, NULL, '1751982013341843457', '2024-03-05 10:23:26', '1751982013341843457', '2024-03-05 10:34:25', 1);
INSERT INTO `tbl_animal_category` VALUES ('1764840416724439041', '0', '1', 1, 1, 1, NULL, '1751982013341843457', '2024-03-05 10:28:39', '1751982013341843457', '2024-03-05 10:28:57', 1);

-- ----------------------------
-- Table structure for tbl_comment
-- ----------------------------
DROP TABLE IF EXISTS `tbl_comment`;
CREATE TABLE `tbl_comment`  (
  `id` varchar(32) CHARACTER SET utf8mb4 COLLATE utf8mb4_bin NOT NULL COMMENT '评论id',
  `type` varchar(20) CHARACTER SET utf8mb4 COLLATE utf8mb4_bin NULL DEFAULT NULL COMMENT '评论类型 ROOT-根评论 REPLAY-回复评论',
  `pid` varchar(32) CHARACTER SET utf8mb4 COLLATE utf8mb4_bin NULL DEFAULT NULL COMMENT '父级id',
  `root_id` varchar(32) CHARACTER SET utf8mb4 COLLATE utf8mb4_bin NULL DEFAULT NULL COMMENT '根评论id',
  `post_id` varchar(32) CHARACTER SET utf8mb4 COLLATE utf8mb4_bin NULL DEFAULT NULL COMMENT '帖子id',
  `to_user_id` varchar(32) CHARACTER SET utf8mb4 COLLATE utf8mb4_bin NULL DEFAULT NULL COMMENT '回复用户id',
  `content` text CHARACTER SET utf8mb4 COLLATE utf8mb4_bin NULL COMMENT '评论内容',
  `create_id` varchar(32) CHARACTER SET utf8mb4 COLLATE utf8mb4_bin NULL DEFAULT NULL COMMENT '创建人id',
  `create_time` datetime NULL DEFAULT NULL COMMENT '创建时间',
  `update_id` varchar(32) CHARACTER SET utf8mb4 COLLATE utf8mb4_bin NULL DEFAULT NULL COMMENT '更新人id',
  `update_time` datetime NULL DEFAULT NULL COMMENT '更新时间',
  `is_del` int NOT NULL COMMENT '逻辑删除 0-否 1-是',
  PRIMARY KEY (`id`) USING BTREE
) ENGINE = InnoDB CHARACTER SET = utf8mb4 COLLATE = utf8mb4_bin COMMENT = '评论信息表' ROW_FORMAT = Dynamic;

-- ----------------------------
-- Records of tbl_comment
-- ----------------------------
INSERT INTO `tbl_comment` VALUES ('1777260719127683073', 'ROOT', NULL, NULL, '1774759475872038913', NULL, '评论测试1', '1751982013341843457', '2024-04-08 17:02:30', '1751982013341843457', '2024-04-08 17:02:30', 0);
INSERT INTO `tbl_comment` VALUES ('1777260783086624770', 'ROOT', NULL, NULL, '1774759475872038913', NULL, '评论测试2', '1751982013341843457', '2024-04-08 17:02:45', '1751982013341843457', '2024-04-08 17:02:45', 0);
INSERT INTO `tbl_comment` VALUES ('1777261784107606017', 'ROOT', NULL, NULL, '1774759475872038913', NULL, '作者评论1', '1774752851241500673', '2024-04-08 17:06:44', '1774752851241500673', '2024-04-08 17:06:44', 0);
INSERT INTO `tbl_comment` VALUES ('1777262317547589633', 'REPLAY', NULL, '1777260719127683073', '1774759475872038913', '1751982013341843457', '作者回复评论1', '1774752851241500673', '2024-04-08 17:08:51', '1774752851241500673', '2024-04-08 17:08:51', 0);
INSERT INTO `tbl_comment` VALUES ('1777262706388930561', 'REPLAY', NULL, '1777260719127683073', '1774759475872038913', '1751982013341843457', '作者回复评论2', '1774752851241500673', '2024-04-08 17:10:24', '1774752851241500673', '2024-04-08 17:10:24', 0);
INSERT INTO `tbl_comment` VALUES ('1777262825213562881', 'REPLAY', NULL, '1777260719127683073', '1774759475872038913', '1774752851241500673', '作者回复自己评1', '1774752851241500673', '2024-04-08 17:10:52', '1774752851241500673', '2024-04-08 17:10:52', 0);
INSERT INTO `tbl_comment` VALUES ('1777262962988060673', 'REPLAY', NULL, '1777260719127683073', '1774759475872038913', '1751982013341843457', '作者回复评论3', '1774752851241500673', '2024-04-08 17:11:25', '1774752851241500673', '2024-04-08 17:11:25', 0);
INSERT INTO `tbl_comment` VALUES ('1777262998115356674', 'REPLAY', NULL, '1777260719127683073', '1774759475872038913', '1751982013341843457', '作者回复评论4', '1774752851241500673', '2024-04-08 17:11:33', '1774752851241500673', '2024-04-08 17:11:33', 0);
INSERT INTO `tbl_comment` VALUES ('1777263041627066370', 'REPLAY', NULL, '1777260783086624770', '1774759475872038913', '1751982013341843457', '作者回复评论1', '1774752851241500673', '2024-04-08 17:11:44', '1774752851241500673', '2024-04-08 17:11:44', 0);
INSERT INTO `tbl_comment` VALUES ('1777263056722366465', 'REPLAY', NULL, '1777260783086624770', '1774759475872038913', '1751982013341843457', '作者回复评论2', '1774752851241500673', '2024-04-08 17:11:47', '1774752851241500673', '2024-04-08 17:11:47', 0);
INSERT INTO `tbl_comment` VALUES ('1777263071284989954', 'REPLAY', NULL, '1777260783086624770', '1774759475872038913', '1751982013341843457', '作者回复评论3', '1774752851241500673', '2024-04-08 17:11:51', '1774752851241500673', '2024-04-08 17:11:51', 0);
INSERT INTO `tbl_comment` VALUES ('1777263084576739329', 'REPLAY', NULL, '1777260783086624770', '1774759475872038913', '1751982013341843457', '作者回复评论4', '1774752851241500673', '2024-04-08 17:11:54', '1774752851241500673', '2024-04-08 17:11:54', 0);
INSERT INTO `tbl_comment` VALUES ('1779776440747503617', 'ROOT', NULL, NULL, '1774759475872038913', NULL, '1', '1774752851241500673', '2024-04-15 15:39:05', '1774752851241500673', '2024-04-15 15:39:05', 0);
INSERT INTO `tbl_comment` VALUES ('1779776971184353281', 'ROOT', NULL, NULL, '1774759475872038913', NULL, '2', '1774752851241500673', '2024-04-15 15:41:11', '1774752851241500673', '2024-04-15 15:41:11', 0);
INSERT INTO `tbl_comment` VALUES ('1779777026305896450', 'ROOT', NULL, NULL, '1774759475872038913', NULL, '3', '1774752851241500673', '2024-04-15 15:41:24', '1774752851241500673', '2024-04-15 15:41:24', 0);
INSERT INTO `tbl_comment` VALUES ('1779777108287762433', 'ROOT', NULL, NULL, '1774759475872038913', NULL, '4', '1774752851241500673', '2024-04-15 15:41:44', '1774752851241500673', '2024-04-15 15:41:44', 0);
INSERT INTO `tbl_comment` VALUES ('1779777303125766146', 'ROOT', NULL, NULL, '1774759475872038913', NULL, '5', '1774752851241500673', '2024-04-15 15:42:30', '1774752851241500673', '2024-04-15 15:42:30', 0);
INSERT INTO `tbl_comment` VALUES ('1779777592427884545', 'ROOT', NULL, NULL, '1774759475872038913', NULL, '6', '1774752851241500673', '2024-04-15 15:43:39', '1774752851241500673', '2024-04-15 15:43:39', 0);
INSERT INTO `tbl_comment` VALUES ('1779777863207956481', 'ROOT', NULL, NULL, '1774759475872038913', NULL, '7', '1774752851241500673', '2024-04-15 15:44:44', '1774752851241500673', '2024-04-15 15:44:44', 0);
INSERT INTO `tbl_comment` VALUES ('1779782255655071746', 'ROOT', NULL, NULL, '1774759475872038913', NULL, '8', '1774752851241500673', '2024-04-15 16:02:11', '1774752851241500673', '2024-04-15 16:02:11', 0);
INSERT INTO `tbl_comment` VALUES ('1779782568319463425', 'ROOT', NULL, NULL, '1774759475872038913', NULL, '9', '1774752851241500673', '2024-04-15 16:03:26', '1774752851241500673', '2024-04-15 16:03:26', 0);
INSERT INTO `tbl_comment` VALUES ('1779783032519864322', 'ROOT', NULL, NULL, '1774759475872038913', NULL, '10', '1774752851241500673', '2024-04-15 16:05:16', '1774752851241500673', '2024-04-15 16:05:16', 0);
INSERT INTO `tbl_comment` VALUES ('1779783070922911746', 'ROOT', NULL, NULL, '1774759475872038913', NULL, '11', '1774752851241500673', '2024-04-15 16:05:26', '1774752851241500673', '2024-04-15 16:05:26', 0);
INSERT INTO `tbl_comment` VALUES ('1779783092645212161', 'ROOT', NULL, NULL, '1774759475872038913', NULL, '12', '1774752851241500673', '2024-04-15 16:05:31', '1774752851241500673', '2024-04-15 16:05:31', 0);
INSERT INTO `tbl_comment` VALUES ('1779784304748736513', 'ROOT', NULL, NULL, '1774759475872038913', NULL, '13', '1774752851241500673', '2024-04-15 16:10:20', '1774752851241500673', '2024-04-15 16:10:20', 0);
INSERT INTO `tbl_comment` VALUES ('1779785308542152705', 'ROOT', NULL, NULL, '1774759475872038913', NULL, '喵喵喵喵喵喵喵喵喵喵喵喵喵喵喵喵喵喵喵喵喵喵喵喵喵喵喵喵喵喵喵喵喵喵喵喵喵喵喵喵喵喵喵喵喵喵喵喵喵喵喵喵喵喵喵喵喵喵喵喵喵喵喵喵喵喵喵喵喵喵喵喵喵喵喵喵喵喵喵喵喵喵喵喵喵喵喵喵喵喵喵喵喵喵喵喵喵喵喵喵喵喵喵喵喵喵喵喵喵喵喵喵喵喵喵喵喵喵喵喵喵喵喵喵喵喵喵喵喵喵喵喵喵喵喵喵喵喵喵喵喵喵喵喵喵喵喵喵喵喵喵喵喵喵喵喵喵喵喵喵喵喵喵喵喵喵喵喵喵喵喵喵喵喵喵喵喵喵喵喵喵喵喵喵喵喵喵喵喵喵喵喵喵喵喵喵喵喵喵喵喵喵喵喵喵喵喵喵喵喵喵喵喵喵喵喵喵喵喵喵喵喵喵喵喵喵喵喵喵喵喵喵喵喵喵喵喵喵喵喵喵喵喵喵喵喵喵喵喵喵喵喵喵喵喵喵喵喵喵喵喵喵喵喵喵喵喵喵喵喵喵喵喵喵喵喵喵喵喵喵喵喵喵喵喵喵喵喵喵喵喵喵喵喵喵喵喵喵喵喵喵喵喵喵喵喵喵喵喵', '1774752851241500673', '2024-04-15 16:14:19', '1774752851241500673', '2024-04-15 16:14:19', 0);
INSERT INTO `tbl_comment` VALUES ('1779785416310599682', 'ROOT', NULL, NULL, '1774759475872038913', NULL, '是的', '1774752851241500673', '2024-04-15 16:14:45', '1774752851241500673', '2024-04-15 16:14:45', 0);
INSERT INTO `tbl_comment` VALUES ('1779785428792848385', 'ROOT', NULL, NULL, '1774759475872038913', NULL, '好的', '1774752851241500673', '2024-04-15 16:14:48', '1774752851241500673', '2024-04-15 16:14:48', 0);
INSERT INTO `tbl_comment` VALUES ('1779785445653950466', 'ROOT', NULL, NULL, '1774759475872038913', NULL, '额嗯嗯嗯', '1774752851241500673', '2024-04-15 16:14:52', '1774752851241500673', '2024-04-15 16:14:52', 0);
INSERT INTO `tbl_comment` VALUES ('1779785500460920833', 'ROOT', NULL, NULL, '1774759475872038913', NULL, '劳资蜀道山', '1774752851241500673', '2024-04-15 16:15:05', '1774752851241500673', '2024-04-15 16:15:05', 0);
INSERT INTO `tbl_comment` VALUES ('1779785787208708098', 'ROOT', NULL, NULL, '1774759475872038913', NULL, '自律终有成果', '1774752851241500673', '2024-04-15 16:16:13', '1774752851241500673', '2024-04-15 16:16:13', 0);
INSERT INTO `tbl_comment` VALUES ('1779785877080059906', 'ROOT', NULL, NULL, '1774759475872038913', NULL, '勤练带来力量', '1774752851241500673', '2024-04-15 16:16:35', '1774752851241500673', '2024-04-15 16:16:35', 0);
INSERT INTO `tbl_comment` VALUES ('1779825598602727425', 'ROOT', NULL, NULL, '1774388458452541442', NULL, '1', '1774752851241500673', '2024-04-15 18:54:25', '1774752851241500673', '2024-04-15 18:54:25', 0);
INSERT INTO `tbl_comment` VALUES ('1779825718010368001', 'ROOT', NULL, NULL, '1774388458452541442', NULL, '2', '1774752851241500673', '2024-04-15 18:54:53', '1774752851241500673', '2024-04-15 18:54:53', 0);
INSERT INTO `tbl_comment` VALUES ('1779825831281741825', 'ROOT', NULL, NULL, '1774388458452541442', NULL, '3', '1774752851241500673', '2024-04-15 18:55:20', '1774752851241500673', '2024-04-15 18:55:20', 0);
INSERT INTO `tbl_comment` VALUES ('1780107888293576705', 'REPLAY', '1779785877080059906', '1779785877080059906', '1774759475872038913', '1774752851241500673', '回复评论1', '1774752851241500673', '2024-04-16 13:36:08', '1774752851241500673', '2024-04-16 13:36:08', 0);
INSERT INTO `tbl_comment` VALUES ('1780108264463925249', 'REPLAY', '1780107888293576705', '1779785877080059906', '1774759475872038913', '1774752851241500673', '回复评论2', '1768562349051793409', '2024-04-16 13:37:38', '1768562349051793409', '2024-04-16 13:37:38', 0);
INSERT INTO `tbl_comment` VALUES ('1780114573821263873', 'REPLAY', '1780108264463925249', '1779785877080059906', '1774759475872038913', '1768562349051793409', '萧瑟回复萧瑟', '1768562349051793409', '2024-04-16 14:02:42', '1768562349051793409', '2024-04-16 14:02:42', 0);
INSERT INTO `tbl_comment` VALUES ('1780183131670478849', 'REPLAY', '1780108264463925249', '1779785877080059906', '1774759475872038913', '1768562349051793409', '作者回复萧瑟', '1774752851241500673', '2024-04-16 18:35:07', '1774752851241500673', '2024-04-16 18:35:07', 0);
INSERT INTO `tbl_comment` VALUES ('1780431865918562306', 'REPLAY', '1780114573821263873', '1779785877080059906', '1774759475872038913', '1768562349051793409', '作者回复萧瑟2', '1774752851241500673', '2024-04-17 11:03:30', '1774752851241500673', '2024-04-17 11:03:30', 0);
INSERT INTO `tbl_comment` VALUES ('1780432517436579841', 'REPLAY', '1780431865918562306', '1779785877080059906', '1774759475872038913', '1774752851241500673', '1', '1774752851241500673', '2024-04-17 11:06:06', '1774752851241500673', '2024-04-17 11:06:06', 0);
INSERT INTO `tbl_comment` VALUES ('1780433119914795009', 'REPLAY', '1780114573821263873', '1779785877080059906', '1774759475872038913', '1768562349051793409', '你好萧瑟', '1774752851241500673', '2024-04-17 11:08:29', '1774752851241500673', '2024-04-17 11:08:29', 0);
INSERT INTO `tbl_comment` VALUES ('1780479854057930753', 'REPLAY', '1779785877080059906', '1779785877080059906', '1774759475872038913', '1774752851241500673', '1', '1774752851241500673', '2024-04-17 14:14:12', '1774752851241500673', '2024-04-17 14:14:12', 0);
INSERT INTO `tbl_comment` VALUES ('1780482822576599042', 'REPLAY', '1779785877080059906', '1779785877080059906', '1774759475872038913', '1774752851241500673', '1', '1774752851241500673', '2024-04-17 14:25:59', '1774752851241500673', '2024-04-17 14:25:59', 0);
INSERT INTO `tbl_comment` VALUES ('1780483090739425282', 'REPLAY', '1779785877080059906', '1779785877080059906', '1774759475872038913', '1774752851241500673', '2', '1774752851241500673', '2024-04-17 14:27:03', '1774752851241500673', '2024-04-17 14:27:03', 0);
INSERT INTO `tbl_comment` VALUES ('1780483253868490754', 'REPLAY', '1779785877080059906', '1779785877080059906', '1774759475872038913', '1774752851241500673', '3', '1774752851241500673', '2024-04-17 14:27:42', '1774752851241500673', '2024-04-17 14:27:42', 0);
INSERT INTO `tbl_comment` VALUES ('1780484108650868737', 'REPLAY', '1779785877080059906', '1779785877080059906', '1774759475872038913', '1774752851241500673', '3', '1774752851241500673', '2024-04-17 14:31:06', '1774752851241500673', '2024-04-17 14:31:06', 0);
INSERT INTO `tbl_comment` VALUES ('1780484143694278658', 'REPLAY', '1779785877080059906', '1779785877080059906', '1774759475872038913', '1774752851241500673', '4', '1774752851241500673', '2024-04-17 14:31:14', '1774752851241500673', '2024-04-17 14:31:14', 0);
INSERT INTO `tbl_comment` VALUES ('1780484402621247490', 'REPLAY', '1779785877080059906', '1779785877080059906', '1774759475872038913', '1774752851241500673', '5', '1774752851241500673', '2024-04-17 14:32:16', '1774752851241500673', '2024-04-17 14:32:16', 0);
INSERT INTO `tbl_comment` VALUES ('1780484476629741570', 'REPLAY', '1780483090739425282', '1779785877080059906', '1774759475872038913', '1774752851241500673', '6', '1774752851241500673', '2024-04-17 14:32:34', '1774752851241500673', '2024-04-17 14:32:34', 0);
INSERT INTO `tbl_comment` VALUES ('1780484644682919937', 'REPLAY', '1779785877080059906', '1779785877080059906', '1774759475872038913', '1774752851241500673', '7', '1774752851241500673', '2024-04-17 14:33:14', '1774752851241500673', '2024-04-17 14:33:14', 0);
INSERT INTO `tbl_comment` VALUES ('1780484662525489153', 'REPLAY', '1780484644682919937', '1779785877080059906', '1774759475872038913', '1774752851241500673', '8', '1774752851241500673', '2024-04-17 14:33:18', '1774752851241500673', '2024-04-17 14:33:18', 0);
INSERT INTO `tbl_comment` VALUES ('1780486582384287745', 'REPLAY', '1777263041627066370', '1777260783086624770', '1774759475872038913', '1774752851241500673', '111', '1774752851241500673', '2024-04-17 14:40:56', '1774752851241500673', '2024-04-17 14:40:56', 0);
INSERT INTO `tbl_comment` VALUES ('1780489071611437057', 'REPLAY', '1779785787208708098', '1779785787208708098', '1774759475872038913', '1774752851241500673', '1', '1774752851241500673', '2024-04-17 14:50:49', '1774752851241500673', '2024-04-17 14:50:49', 0);
INSERT INTO `tbl_comment` VALUES ('1780489083942690818', 'REPLAY', '1779785787208708098', '1779785787208708098', '1774759475872038913', '1774752851241500673', '2', '1774752851241500673', '2024-04-17 14:50:52', '1774752851241500673', '2024-04-17 14:50:52', 0);
INSERT INTO `tbl_comment` VALUES ('1780489093497315329', 'REPLAY', '1779785787208708098', '1779785787208708098', '1774759475872038913', '1774752851241500673', '3', '1774752851241500673', '2024-04-17 14:50:54', '1774752851241500673', '2024-04-17 14:50:54', 0);
INSERT INTO `tbl_comment` VALUES ('1780489105996341249', 'REPLAY', '1779785787208708098', '1779785787208708098', '1774759475872038913', '1774752851241500673', '4', '1774752851241500673', '2024-04-17 14:50:57', '1774752851241500673', '2024-04-17 14:50:57', 0);
INSERT INTO `tbl_comment` VALUES ('1780489120877731842', 'REPLAY', '1779785787208708098', '1779785787208708098', '1774759475872038913', '1774752851241500673', '5', '1774752851241500673', '2024-04-17 14:51:01', '1770857331544580097', '2024-04-20 17:27:01', 1);
INSERT INTO `tbl_comment` VALUES ('1780565033409667074', 'REPLAY', '1780483090739425282', '1779785877080059906', '1774759475872038913', '1774752851241500673', '121212', '1774752851241500673', '2024-04-17 19:52:40', '1774752851241500673', '2024-04-17 19:52:40', 0);
INSERT INTO `tbl_comment` VALUES ('1780565094956883969', 'REPLAY', '1780489120877731842', '1779785787208708098', '1774759475872038913', '1774752851241500673', '6', '1774752851241500673', '2024-04-17 19:52:55', '1774752851241500673', '2024-04-17 19:52:55', 0);
INSERT INTO `tbl_comment` VALUES ('1780843253883318274', 'ROOT', NULL, NULL, '1774759475872038913', NULL, '好好好~', '1751982013341843457', '2024-04-18 14:18:13', '1770857331544580097', '2024-04-20 17:12:27', 1);
INSERT INTO `tbl_comment` VALUES ('1781608307721240577', 'REPLAY', '1780843253883318274', '1780843253883318274', '1774759475872038913', '1751982013341843457', '1', '1774752851241500673', '2024-04-20 16:58:16', '1770857331544580097', '2024-04-20 17:11:41', 1);
INSERT INTO `tbl_comment` VALUES ('1781608318462853122', 'REPLAY', '1780843253883318274', '1780843253883318274', '1774759475872038913', '1751982013341843457', '2', '1774752851241500673', '2024-04-20 16:58:18', '1770857331544580097', '2024-04-20 17:18:24', 1);
INSERT INTO `tbl_comment` VALUES ('1781608369520115714', 'REPLAY', '1781608307721240577', '1780843253883318274', '1774759475872038913', '1774752851241500673', '1.1', '1774752851241500673', '2024-04-20 16:58:31', '1770857331544580097', '2024-04-20 17:26:48', 1);

-- ----------------------------
-- Table structure for tbl_contribution_record
-- ----------------------------
DROP TABLE IF EXISTS `tbl_contribution_record`;
CREATE TABLE `tbl_contribution_record`  (
  `id` varchar(32) CHARACTER SET utf8mb4 COLLATE utf8mb4_bin NOT NULL COMMENT '捐助记录id',
  `animal_id` varchar(32) CHARACTER SET utf8mb4 COLLATE utf8mb4_bin NULL DEFAULT NULL COMMENT '宠物id',
  `status` int NULL DEFAULT NULL COMMENT '审核状态 1-待审核 2-审核通过 3-审核拒绝',
  `item_type` int NULL DEFAULT NULL COMMENT '捐助物类型 1-食物 2-衣物 3-玩具 99-其他',
  `item_name` varchar(45) CHARACTER SET utf8mb4 COLLATE utf8mb4_bin NULL DEFAULT NULL COMMENT '捐助物名称',
  `item_pic` varchar(255) CHARACTER SET utf8mb4 COLLATE utf8mb4_bin NULL DEFAULT NULL COMMENT '捐助物图片url',
  `contact_phone` varchar(45) CHARACTER SET utf8mb4 COLLATE utf8mb4_bin NULL DEFAULT NULL COMMENT '联系电话',
  `remark` varchar(255) CHARACTER SET utf8mb4 COLLATE utf8mb4_bin NULL DEFAULT NULL COMMENT '捐助备注',
  `audit_id` varchar(32) CHARACTER SET utf8mb4 COLLATE utf8mb4_bin NULL DEFAULT NULL COMMENT '审核人id',
  `audit_time` datetime NULL DEFAULT NULL COMMENT '审核时间',
  `audit_remark` varchar(255) CHARACTER SET utf8mb4 COLLATE utf8mb4_bin NULL DEFAULT NULL COMMENT '审核备注',
  `create_id` varchar(32) CHARACTER SET utf8mb4 COLLATE utf8mb4_bin NULL DEFAULT NULL COMMENT '创建人id',
  `create_time` datetime NULL DEFAULT NULL COMMENT '创建时间',
  `update_id` varchar(32) CHARACTER SET utf8mb4 COLLATE utf8mb4_bin NULL DEFAULT NULL COMMENT '更新人id',
  `update_time` datetime NULL DEFAULT NULL COMMENT '更新时间',
  `is_del` int NOT NULL COMMENT '逻辑删除 0-否 1-是',
  PRIMARY KEY (`id`) USING BTREE
) ENGINE = InnoDB CHARACTER SET = utf8mb4 COLLATE = utf8mb4_bin COMMENT = '流浪动物捐助申请记录信息表' ROW_FORMAT = Dynamic;

-- ----------------------------
-- Records of tbl_contribution_record
-- ----------------------------
INSERT INTO `tbl_contribution_record` VALUES ('1774051676309467137', '1773263966632230913', 2, 1, '狗粮', 'http://127.0.0.1:8080/image/contribution/6f34251bdfedecffd64fc443b62eca08.jpg', '18967668888', '给你点狗粮吃', '1770857331544580097', '2024-03-31 02:59:48', '通过', '1751982013341843457', '2024-03-30 20:30:55', '1770857331544580097', '2024-03-31 02:59:48', 0);
INSERT INTO `tbl_contribution_record` VALUES ('1774099930262880258', '1773267443513114626', 3, 3, '狗粮', 'http://127.0.0.1:8080/image/contribution/87fd3a76873b6033cc3bfbe67ec303b2.jpg', '16789876567', '啊啊啊', '1770857331544580097', '2024-03-31 02:58:25', '不行', '1770857331544580097', '2024-03-30 23:42:39', '1770857331544580097', '2024-03-31 02:58:25', 0);
INSERT INTO `tbl_contribution_record` VALUES ('1774274290068029441', '1773263966632230913', 2, 1, '狗粮', 'http://127.0.0.1:8080/image/contribution/747e9794e65d49a2ad6191431301e914.jpg', '18967668888', '还是狗粮', '1770857331544580097', '2024-03-31 11:23:00', '好嘟好嘟', '1751982013341843457', '2024-03-31 11:15:30', '1770857331544580097', '2024-03-31 11:23:00', 0);
INSERT INTO `tbl_contribution_record` VALUES ('1776013946019205122', '1773267443513114626', 1, 1, '狗粮', 'http://127.0.0.1:8080/image/contribution/1ac11d2b70a5773e5d442ed000502b2d.jpg', '18966669090', '捐点狗粮', NULL, NULL, NULL, '1775971753153875969', '2024-04-05 06:28:16', '1775971753153875969', '2024-04-05 06:28:16', 0);

-- ----------------------------
-- Table structure for tbl_demo
-- ----------------------------
DROP TABLE IF EXISTS `tbl_demo`;
CREATE TABLE `tbl_demo`  (
  `id` varchar(32) CHARACTER SET utf8mb4 COLLATE utf8mb4_bin NOT NULL COMMENT '主键id',
  `name` varchar(50) CHARACTER SET utf8mb4 COLLATE utf8mb4_bin NULL DEFAULT NULL COMMENT '名称',
  `phone` varchar(50) CHARACTER SET utf8mb4 COLLATE utf8mb4_bin NULL DEFAULT NULL COMMENT '手机号',
  `create_id` varchar(32) CHARACTER SET utf8mb4 COLLATE utf8mb4_bin NULL DEFAULT NULL COMMENT '创建人id',
  `create_time` datetime NULL DEFAULT NULL COMMENT '创建时间',
  `update_id` varchar(32) CHARACTER SET utf8mb4 COLLATE utf8mb4_bin NULL DEFAULT NULL COMMENT '更新人id',
  `update_time` datetime NULL DEFAULT NULL COMMENT '更新时间',
  `is_del` int NOT NULL COMMENT '逻辑删除 0-否 1-是',
  PRIMARY KEY (`id`) USING BTREE
) ENGINE = InnoDB CHARACTER SET = utf8mb4 COLLATE = utf8mb4_bin ROW_FORMAT = Dynamic;

-- ----------------------------
-- Records of tbl_demo
-- ----------------------------
INSERT INTO `tbl_demo` VALUES ('1750730588561354754', 'wlj', '16726778787', NULL, '2024-01-26 12:01:14', NULL, '2024-01-26 12:01:14', 0);

-- ----------------------------
-- Table structure for tbl_media
-- ----------------------------
DROP TABLE IF EXISTS `tbl_media`;
CREATE TABLE `tbl_media`  (
  `id` varchar(32) CHARACTER SET utf8mb4 COLLATE utf8mb4_bin NOT NULL COMMENT '主键id',
  `service_id` varchar(32) CHARACTER SET utf8mb4 COLLATE utf8mb4_bin NULL DEFAULT NULL COMMENT '服务id',
  `service_type` varchar(20) CHARACTER SET utf8mb4 COLLATE utf8mb4_bin NULL DEFAULT NULL COMMENT '服务类型 ',
  `name` varchar(255) CHARACTER SET utf8mb4 COLLATE utf8mb4_bin NULL DEFAULT NULL COMMENT '图片名称',
  `pic_url` varchar(255) CHARACTER SET utf8mb4 COLLATE utf8mb4_bin NULL DEFAULT NULL COMMENT '图片url',
  `sort` int NULL DEFAULT NULL COMMENT '排序',
  `create_id` varchar(32) CHARACTER SET utf8mb4 COLLATE utf8mb4_bin NULL DEFAULT NULL COMMENT '创建人id',
  `create_time` datetime NULL DEFAULT NULL COMMENT '创建时间',
  `update_id` varchar(32) CHARACTER SET utf8mb4 COLLATE utf8mb4_bin NULL DEFAULT NULL COMMENT '更新人id',
  `update_time` datetime NULL DEFAULT NULL COMMENT '更新时间',
  `is_del` int NOT NULL COMMENT '逻辑删除 0-否 1-是',
  PRIMARY KEY (`id`) USING BTREE
) ENGINE = InnoDB CHARACTER SET = utf8mb4 COLLATE = utf8mb4_bin COMMENT = '媒体信息表' ROW_FORMAT = Dynamic;

-- ----------------------------
-- Records of tbl_media
-- ----------------------------
INSERT INTO `tbl_media` VALUES ('1772972570394341378', '1772972570364981249', 'ANIMAL', NULL, 'http://127.0.0.1:8080/image/animal/5b26a63838058d2796f4d8fea0bc94a7.png', 1, '1770857331544580097', '2024-03-27 21:02:56', '1770857331544580097', '2024-03-28 11:48:35', 1);
INSERT INTO `tbl_media` VALUES ('1772985117684072449', '1772985117625352194', 'ANIMAL', NULL, 'http://127.0.0.1:8080/image/animal/8a7cf8039269d323da1f458da4ba72d2.jpg', 1, '1770857331544580097', '2024-03-27 21:52:47', '1770857331544580097', '2024-03-27 21:52:47', 0);
INSERT INTO `tbl_media` VALUES ('1772988686709620738', '1772988686676066306', 'ANIMAL', NULL, 'http://127.0.0.1:8080/image/animal/733685dfa74b70d7f26f91f1958839e2.jpg', 1, '1770857331544580097', '2024-03-27 22:06:58', '1770857331544580097', '2024-03-27 22:52:52', 1);
INSERT INTO `tbl_media` VALUES ('1773000237822824449', '1772988686676066306', 'ANIMAL', NULL, 'http://127.0.0.1:8080/image/animal/bd4fc6dde2b6b45d5dab52efa513b34c.jpg', 1, '1770857331544580097', '2024-03-27 22:52:52', '1770857331544580097', '2024-03-27 22:53:26', 1);
INSERT INTO `tbl_media` VALUES ('1773000381981052930', '1772988686676066306', 'ANIMAL', NULL, 'http://127.0.0.1:8080/image/animal/68bd27612212977fd6116a3ddd99e83c.jpg', 1, '1770857331544580097', '2024-03-27 22:53:26', '1770857331544580097', '2024-03-27 22:54:13', 1);
INSERT INTO `tbl_media` VALUES ('1773000575057448961', '1772988686676066306', 'ANIMAL', NULL, 'http://127.0.0.1:8080/image/animal/9ba49f9456bf0ba191834ea432ef95c3.jpg', 1, '1770857331544580097', '2024-03-27 22:54:13', '1770857331544580097', '2024-03-27 22:55:19', 1);
INSERT INTO `tbl_media` VALUES ('1773000854310014978', '1772988686676066306', 'ANIMAL', NULL, 'http://127.0.0.1:8080/image/animal/2aff36d302fe9e6af54a67e62b60e740.jpg', 1, '1770857331544580097', '2024-03-27 22:55:19', '1770857331544580097', '2024-03-27 23:13:57', 1);
INSERT INTO `tbl_media` VALUES ('1773005545207025666', '1772988686676066306', 'ANIMAL', NULL, 'http://127.0.0.1:8080/image/animal/850dcb4261e8cb061560a7001bb38b7a.jpg', 1, '1770857331544580097', '2024-03-27 23:13:57', '1770857331544580097', '2024-03-27 23:14:20', 1);
INSERT INTO `tbl_media` VALUES ('1773005641491468289', '1772988686676066306', 'ANIMAL', NULL, 'http://127.0.0.1:8080/image/animal/969541fc66aa4e3ae618158da0186442.jpg', 1, '1770857331544580097', '2024-03-27 23:14:20', '1770857331544580097', '2024-03-27 23:16:40', 1);
INSERT INTO `tbl_media` VALUES ('1773006225552494593', '1772988686676066306', 'ANIMAL', NULL, 'http://127.0.0.1:8080/image/animal/6373d38f8b2fc5003630bf30dff559b5.jpg', 1, '1770857331544580097', '2024-03-27 23:16:40', '1770857331544580097', '2024-03-27 23:17:00', 1);
INSERT INTO `tbl_media` VALUES ('1773006310717837314', '1772988686676066306', 'ANIMAL', NULL, 'http://127.0.0.1:8080/image/animal/6881641b729999609672b7bc0f1cbe64.jpg', 1, '1770857331544580097', '2024-03-27 23:17:00', '1770857331544580097', '2024-03-27 23:17:00', 0);
INSERT INTO `tbl_media` VALUES ('1773195451514568705', '1772972570364981249', 'ANIMAL', NULL, 'http://127.0.0.1:8080/image/animal/52092cd582ef2e196da9a9ad70d054f0.jpg', 1, '1770857331544580097', '2024-03-28 11:48:35', '1770857331544580097', '2024-03-28 11:48:35', 0);
INSERT INTO `tbl_media` VALUES ('1773261975176691714', '1773261975109582849', 'ANIMAL', NULL, 'http://127.0.0.1:8080/image/animal/0515e1e8c31d460baa8d0abe894f204a.jpg', 1, '1770857331544580097', '2024-03-28 16:12:55', '1770857331544580097', '2024-03-28 16:12:55', 0);
INSERT INTO `tbl_media` VALUES ('1773262367625134082', '1773262367625134081', 'ANIMAL', NULL, 'http://127.0.0.1:8080/image/animal/74f70d8fb275efa0c468487080a9e8b5.jpg', 1, '1770857331544580097', '2024-03-28 16:14:29', '1770857331544580097', '2024-03-28 16:14:29', 0);
INSERT INTO `tbl_media` VALUES ('1773263323611873283', '1773263323611873282', 'ANIMAL', NULL, 'http://127.0.0.1:8080/image/animal/6b4f813d4f59a9dffcba37a3ef4a4791.jpg', 1, '1770857331544580097', '2024-03-28 16:18:17', '1770857331544580097', '2024-03-28 16:18:17', 0);
INSERT INTO `tbl_media` VALUES ('1773263527853506562', '1773263527790592001', 'ANIMAL', NULL, 'http://127.0.0.1:8080/image/animal/8d4ba1f7d7f159c5ae22908cf0116eda.jpg', 1, '1770857331544580097', '2024-03-28 16:19:05', '1770857331544580097', '2024-03-28 16:19:05', 0);
INSERT INTO `tbl_media` VALUES ('1773263834624901121', '1773263834561986562', 'ANIMAL', NULL, 'http://127.0.0.1:8080/image/animal/a31c8d04cfb719ce9b19a74409e5edef.jpg', 1, '1770857331544580097', '2024-03-28 16:20:18', '1770857331544580097', '2024-03-28 16:20:18', 0);
INSERT INTO `tbl_media` VALUES ('1773263966632230914', '1773263966632230913', 'ANIMAL', NULL, 'http://127.0.0.1:8080/image/animal/241273765bb6489780033d3ab4f3c7c5.jpg', 1, '1770857331544580097', '2024-03-28 16:20:50', '1770857331544580097', '2024-03-29 02:23:40', 1);
INSERT INTO `tbl_media` VALUES ('1773264059691253762', '1773264059624144898', 'ANIMAL', NULL, 'http://127.0.0.1:8080/image/animal/335f17fe3d84e804df0f048ecf68e26c.jpg', 1, '1770857331544580097', '2024-03-28 16:21:12', '1770857331544580097', '2024-03-28 16:21:12', 0);
INSERT INTO `tbl_media` VALUES ('1773264154113425410', '1773264154050510849', 'ANIMAL', NULL, 'http://127.0.0.1:8080/image/animal/09aa2147d09ad2d6ead09f9ffd90fbb0.jpg', 1, '1770857331544580097', '2024-03-28 16:21:35', '1770857331544580097', '2024-03-28 16:21:35', 0);
INSERT INTO `tbl_media` VALUES ('1773264437463826433', '1773264437400911874', 'ANIMAL', NULL, 'http://127.0.0.1:8080/image/animal/e20d2b67e53c27d3eab4d9ac1150aa68.jpg', 1, '1770857331544580097', '2024-03-28 16:22:42', '1770857331544580097', '2024-03-28 16:22:42', 0);
INSERT INTO `tbl_media` VALUES ('1773265230791262209', '1773265230728347650', 'ANIMAL', NULL, 'http://127.0.0.1:8080/image/animal/49a63c9a64bb998ed266190752c728de.jpg', 1, '1770857331544580097', '2024-03-28 16:25:51', '1770857331544580097', '2024-03-28 16:25:51', 0);
INSERT INTO `tbl_media` VALUES ('1773267098137346051', '1773267098137346050', 'ANIMAL', NULL, 'http://127.0.0.1:8080/image/animal/817e5c6f6ef3ba45ad29c51788f00347.jpg', 1, '1770857331544580097', '2024-03-28 16:33:17', '1770857331544580097', '2024-03-28 16:33:17', 0);
INSERT INTO `tbl_media` VALUES ('1773267278651801602', '1773267278588887041', 'ANIMAL', NULL, 'http://127.0.0.1:8080/image/animal/b9f874a0d9de044d2fc4b057805168f1.jpg', 1, '1770857331544580097', '2024-03-28 16:34:00', '1770857331544580097', '2024-03-28 16:34:00', 0);
INSERT INTO `tbl_media` VALUES ('1773267350957408258', '1773267350957408257', 'ANIMAL', NULL, 'http://127.0.0.1:8080/image/animal/a2ed58888f0a1c2d5a24d02a716814a0.jpg', 1, '1770857331544580097', '2024-03-28 16:34:17', '1770857331544580097', '2024-03-28 16:34:17', 0);
INSERT INTO `tbl_media` VALUES ('1773267443513114627', '1773267443513114626', 'ANIMAL', NULL, 'http://127.0.0.1:8080/image/animal/b3e89cd24b52dcbc72209e8b8650fda4.jpg', 1, '1770857331544580097', '2024-03-28 16:34:39', '1770857331544580097', '2024-03-28 16:34:39', 0);
INSERT INTO `tbl_media` VALUES ('1773267565013712899', '1773267565013712898', 'ANIMAL', NULL, 'http://127.0.0.1:8080/image/animal/d136eebd8e76ee0faf15c1730fde1865.jpg', 1, '1770857331544580097', '2024-03-28 16:35:08', '1770857331544580097', '2024-03-28 16:35:08', 0);
INSERT INTO `tbl_media` VALUES ('1773267630281277442', '1773267630218362882', 'ANIMAL', NULL, 'http://127.0.0.1:8080/image/animal/9801b3cbfdf1f9e5ae1a84e9d4eacd36.jpg', 1, '1770857331544580097', '2024-03-28 16:35:23', '1770857331544580097', '2024-03-28 16:35:23', 0);
INSERT INTO `tbl_media` VALUES ('1773267900876800002', '1773267900876800001', 'ANIMAL', NULL, 'http://127.0.0.1:8080/image/animal/42817c6f1de9d572051ae6c2e28a92b9.jpg', 1, '1770857331544580097', '2024-03-28 16:36:28', '1770857331544580097', '2024-03-28 16:36:28', 0);
INSERT INTO `tbl_media` VALUES ('1773415673278304258', '1773263966632230913', 'ANIMAL', NULL, 'http://127.0.0.1:8080/image/animal/241273765bb6489780033d3ab4f3c7c5.jpg', 1, '1770857331544580097', '2024-03-29 02:23:40', '1770857331544580097', '2024-03-29 02:23:40', 0);
INSERT INTO `tbl_media` VALUES ('1774051676590485506', '1774051676309467137', 'CONTRIBUTION', NULL, 'http://127.0.0.1:8080/image/contribution/6f34251bdfedecffd64fc443b62eca08.jpg', 1, '1751982013341843457', '2024-03-30 20:30:55', '1751982013341843457', '2024-03-30 20:30:55', 0);
INSERT INTO `tbl_media` VALUES ('1774099930309017601', '1774099930262880258', 'CONTRIBUTION', NULL, 'http://127.0.0.1:8080/image/contribution/87fd3a76873b6033cc3bfbe67ec303b2.jpg', 1, '1770857331544580097', '2024-03-30 23:42:39', '1770857331544580097', '2024-03-30 23:42:39', 0);
INSERT INTO `tbl_media` VALUES ('1774274290118361089', '1774274290068029441', 'CONTRIBUTION', NULL, 'http://127.0.0.1:8080/image/contribution/747e9794e65d49a2ad6191431301e914.jpg', 1, '1751982013341843457', '2024-03-31 11:15:30', '1751982013341843457', '2024-03-31 11:15:30', 0);
INSERT INTO `tbl_media` VALUES ('1774410540863287297', '1774410540817149953', 'POST', NULL, 'http://127.0.0.1:8080/image/post/d34defc7429d3086625a4d7432b4c82b.jpg', 1, '1751982013341843457', '2024-03-31 20:16:55', '1751982013341843457', '2024-03-31 20:16:55', 0);
INSERT INTO `tbl_media` VALUES ('1774444040706396162', '1774444040609927169', 'POST', NULL, 'http://127.0.0.1:8080/image/post/19da211b7b85e0aa8b353c21b09a0441.jpg', 1, '1751982013341843457', '2024-03-31 22:30:02', '1751982013341843457', '2024-03-31 22:30:02', 0);
INSERT INTO `tbl_media` VALUES ('1774759475918176258', '1774759475872038913', 'POST', NULL, 'http://127.0.0.1:8080/image/post/cc8469c7e9defdd9a26ca2a5bac0750a.jpg', 1, '1774752851241500673', '2024-04-01 19:23:27', '1774752851241500673', '2024-04-01 19:23:27', 0);
INSERT INTO `tbl_media` VALUES ('1776013946086313986', '1776013946019205122', 'CONTRIBUTION', NULL, 'http://127.0.0.1:8080/image/contribution/1ac11d2b70a5773e5d442ed000502b2d.jpg', 1, '1775971753153875969', '2024-04-05 06:28:16', '1775971753153875969', '2024-04-05 06:28:16', 0);
INSERT INTO `tbl_media` VALUES ('1776015148656185347', '1776015148656185346', 'POST', NULL, 'http://127.0.0.1:8080/image/post/28afa56bbe5f194ccc93076e9627623f.jpg', 1, '1775971753153875969', '2024-04-05 06:33:03', '1775971753153875969', '2024-04-05 06:33:03', 0);
INSERT INTO `tbl_media` VALUES ('1783225986576068609', '1783225986534125570', 'POST', NULL, 'http://127.0.0.1:8080/image/post/aa038311132cf9a9e603eda7d8669078.jpg', 1, '1751982013341843457', '2024-04-25 04:06:21', '1751982013341843457', '2024-04-25 04:06:21', 0);

-- ----------------------------
-- Table structure for tbl_member
-- ----------------------------
DROP TABLE IF EXISTS `tbl_member`;
CREATE TABLE `tbl_member`  (
  `id` varchar(32) CHARACTER SET utf8mb4 COLLATE utf8mb4_bin NOT NULL COMMENT '用户id',
  `account` varchar(45) CHARACTER SET utf8mb4 COLLATE utf8mb4_bin NULL DEFAULT NULL COMMENT '账号',
  `avatar` varchar(255) CHARACTER SET utf8mb4 COLLATE utf8mb4_bin NULL DEFAULT '' COMMENT '头像',
  `nick_name` varchar(45) CHARACTER SET utf8mb4 COLLATE utf8mb4_bin NULL DEFAULT NULL COMMENT '昵称',
  `real_name` varchar(45) CHARACTER SET utf8mb4 COLLATE utf8mb4_bin NULL DEFAULT NULL COMMENT '真实姓名',
  `phone` varchar(45) CHARACTER SET utf8mb4 COLLATE utf8mb4_bin NULL DEFAULT NULL COMMENT '手机号',
  `gender` varchar(10) CHARACTER SET utf8mb4 COLLATE utf8mb4_bin NULL DEFAULT NULL COMMENT '性别 F-女 M-男',
  `status` int NOT NULL COMMENT '状态 1-正常 2-冻结 99-删除',
  `last_login_time` datetime NULL DEFAULT NULL COMMENT '最近登录时间',
  `create_id` varchar(32) CHARACTER SET utf8mb4 COLLATE utf8mb4_bin NULL DEFAULT NULL COMMENT '创建人id',
  `create_time` datetime NULL DEFAULT NULL COMMENT '创建时间',
  `update_id` varchar(32) CHARACTER SET utf8mb4 COLLATE utf8mb4_bin NULL DEFAULT NULL COMMENT '更新人id',
  `update_time` datetime NULL DEFAULT NULL COMMENT '更新时间',
  `is_del` int NOT NULL COMMENT '逻辑删除 0-否 1-是',
  PRIMARY KEY (`id`) USING BTREE,
  UNIQUE INDEX `account`(`account`) USING BTREE,
  UNIQUE INDEX `phone`(`phone`) USING BTREE
) ENGINE = InnoDB CHARACTER SET = utf8mb4 COLLATE = utf8mb4_bin COMMENT = '用户登录信息表' ROW_FORMAT = Dynamic;

-- ----------------------------
-- Records of tbl_member
-- ----------------------------
INSERT INTO `tbl_member` VALUES ('1751982013341843457', '561429258233', 'http://127.0.0.1:8080/image/avatar/ed8fa3142c1cb2cab53111fb60a4c67b.jpg', '邪恶佩奇', 'XD', '18967668088', 'F', 1, '2024-04-26 14:43:52', NULL, '2024-01-29 22:53:57', NULL, '2024-04-26 14:43:52', 0);
INSERT INTO `tbl_member` VALUES ('1752518962293059585', '485249983026', '', '我没k', '', '13566665555', 'F', 1, '2024-03-01 17:08:12', NULL, '2024-01-31 10:27:36', NULL, '2024-03-01 17:08:12', 0);
INSERT INTO `tbl_member` VALUES ('1768486460733607937', '168094025507', '', 'wlj', NULL, '16565667898', 'F', 1, NULL, NULL, '2024-03-15 11:56:44', NULL, '2024-03-15 11:56:44', 0);
INSERT INTO `tbl_member` VALUES ('1768486859209265153', '839319540616', '', '1', '1', '1', 'F', 1, NULL, NULL, '2024-03-15 11:58:19', NULL, '2024-03-15 11:58:19', 0);
INSERT INTO `tbl_member` VALUES ('1768559397486559233', '153904039696', '', 'royk', '', '17865675456', 'F', 1, NULL, NULL, '2024-03-15 16:46:33', '1751982013341843457', '2024-03-19 18:37:47', 0);
INSERT INTO `tbl_member` VALUES ('1768561917894119426', '385734624705', '', 'royk', '', '17865453456', 'F', 1, NULL, NULL, '2024-03-15 16:56:34', NULL, '2024-03-15 16:56:34', 0);
INSERT INTO `tbl_member` VALUES ('1768562349051793409', '303858685562', '', '萧瑟', '王淳煜', '13667668032', 'F', 1, '2024-03-15 16:58:29', NULL, '2024-03-15 16:58:17', NULL, '2024-03-15 16:58:29', 0);
INSERT INTO `tbl_member` VALUES ('1769920699836444674', '719370458695', '', 'Ame^^', '雨', '13588888888', 'M', 1, '2024-03-19 15:49:24', '1751982013341843457', '2024-03-19 10:55:53', NULL, '2024-03-19 15:49:24', 0);
INSERT INTO `tbl_member` VALUES ('1770043748845977601', '162396931607', '', 'Zhou', '陈尧', '15676357890', 'M', 1, NULL, '1751982013341843457', '2024-03-19 19:04:50', '1751982013341843457', '2024-03-19 19:05:16', 0);
INSERT INTO `tbl_member` VALUES ('1770044834147303426', '168442891973', '', 'YYF', '姜岑', '16756476567', 'M', 1, NULL, '1751982013341843457', '2024-03-19 19:09:09', '1751982013341843457', '2024-03-19 19:09:09', 0);
INSERT INTO `tbl_member` VALUES ('1770045629332815873', '455142493308', '', 'Maybe', '路垚', '15678789090', 'M', 1, NULL, '1751982013341843457', '2024-03-19 19:12:19', '1751982013341843457', '2024-03-19 19:52:36', 0);
INSERT INTO `tbl_member` VALUES ('1770857331544580097', 'admin', 'http://127.0.0.1:8080/image/avatar/a94b6f892c35462324cabbe6f84e5c4e.jpg', 'admin', 'admin', '16789876567', 'F', 1, '2024-04-25 02:00:23', NULL, '2024-03-22 00:57:43', NULL, '2024-04-25 02:00:23', 0);
INSERT INTO `tbl_member` VALUES ('1774752851241500673', '658191848377', 'http://127.0.0.1:8080/image/avatar/15b01494aedb615e5a46ad9af0d9ecb9.jpg', '去码头整点薯条', 'zjq', '13678787878', 'F', 1, '2024-04-24 23:40:14', NULL, '2024-04-01 18:57:08', NULL, '2024-04-24 23:40:14', 0);
INSERT INTO `tbl_member` VALUES ('1775971753153875969', '188828360002', '', '小饼干', '林一', '18966669090', 'F', 1, '2024-04-25 01:56:48', NULL, '2024-04-05 03:40:37', NULL, '2024-04-25 01:56:48', 0);

-- ----------------------------
-- Table structure for tbl_notice_article
-- ----------------------------
DROP TABLE IF EXISTS `tbl_notice_article`;
CREATE TABLE `tbl_notice_article`  (
  `id` varchar(32) CHARACTER SET utf8mb4 COLLATE utf8mb4_bin NOT NULL COMMENT '公告id，主键id',
  `name` varchar(255) CHARACTER SET utf8mb4 COLLATE utf8mb4_bin NULL DEFAULT NULL COMMENT '公告文章名称',
  `pic_url` varchar(255) CHARACTER SET utf8mb4 COLLATE utf8mb4_bin NULL DEFAULT NULL COMMENT '公告封面主图',
  `notice_type_id` varchar(32) CHARACTER SET utf8mb4 COLLATE utf8mb4_bin NULL DEFAULT NULL COMMENT '公告类型id',
  `content` text CHARACTER SET utf8mb4 COLLATE utf8mb4_bin NULL COMMENT '公告文章内容',
  `desc` varchar(255) CHARACTER SET utf8mb4 COLLATE utf8mb4_bin NULL DEFAULT NULL COMMENT '描述说明',
  `sort` int NULL DEFAULT NULL COMMENT '排序',
  `create_id` varchar(32) CHARACTER SET utf8mb4 COLLATE utf8mb4_bin NULL DEFAULT NULL COMMENT '创建人id',
  `create_time` datetime NULL DEFAULT NULL COMMENT '创建时间',
  `update_id` varchar(32) CHARACTER SET utf8mb4 COLLATE utf8mb4_bin NULL DEFAULT NULL COMMENT '更新人id',
  `update_time` datetime NULL DEFAULT NULL COMMENT '更新时间',
  `is_del` int NOT NULL COMMENT '逻辑删除 0-否 1-是',
  PRIMARY KEY (`id`) USING BTREE
) ENGINE = InnoDB CHARACTER SET = utf8mb4 COLLATE = utf8mb4_bin COMMENT = '公告信息表' ROW_FORMAT = Dynamic;

-- ----------------------------
-- Records of tbl_notice_article
-- ----------------------------
INSERT INTO `tbl_notice_article` VALUES ('1782351709186420738', '百亿补贴重磅来袭', 'http://127.0.0.1:8080/image/notice/94036be96dcf3c29576a149fc868a32d.png', '1781938722004844545', '<p>百亿补贴重磅来袭</p>', '补贴', 1, '1770857331544580097', '2024-04-22 18:12:17', '1770857331544580097', '2024-04-22 18:12:17', 0);
INSERT INTO `tbl_notice_article` VALUES ('1782352347496574978', '重大通知，最新公告', 'http://127.0.0.1:8080/image/notice/4e374f888fb0f0b97255f474dc139642.png', '1781938955086512129', '<p>公告内容公告内容公告内容公告内容公告内容</p>', '发布公告', 2, '1770857331544580097', '2024-04-22 18:14:49', '1770857331544580097', '2024-04-22 18:14:49', 0);
INSERT INTO `tbl_notice_article` VALUES ('1782781484111613953', '特别公告', 'http://127.0.0.1:8080/image/notice/6cb10bc48ab9ff39ae9281f2a5d46c5a.png', '1782271916021391361', '<p>特别公告</p>', '', 1, '1770857331544580097', '2024-04-23 22:40:03', '1770857331544580097', '2024-04-23 22:48:49', 0);
INSERT INTO `tbl_notice_article` VALUES ('1782784111700463617', '1', '', '1782239618525831169', '<p>1</p>', '', NULL, '1770857331544580097', '2024-04-23 22:50:29', '1770857331544580097', '2024-04-23 22:55:34', 1);
INSERT INTO `tbl_notice_article` VALUES ('1782786276997320706', '1', '', '1782239618525831169', '<p>1</p>', '', NULL, '1770857331544580097', '2024-04-23 22:59:06', '1770857331544580097', '2024-04-23 22:59:09', 1);
INSERT INTO `tbl_notice_article` VALUES ('1782788674906083329', '1', '', '1782271916021391361', '<p>1</p>', '', NULL, '1770857331544580097', '2024-04-23 23:08:37', '1770857331544580097', '2024-04-23 23:09:57', 1);
INSERT INTO `tbl_notice_article` VALUES ('1783027324394688513', '宠物领养须知', 'http://127.0.0.1:8080/image/notice/1a450c5751f9c8c033966739096f981b.png', '1783022631945785346', '<p>一、领养人需出示有效身份证件，领养中心将保留一份复印件。</p><p>二、愿意配合领养中心工作，接受领养前的情况调查及领养后回访。(每周视频一次)</p><p>三、租住他人房屋的申请人，需要得到屋主的许可出具屋主书面许可证明。</p><p>四、与家人共同居住的申请人，需在征得其他家庭D成员同意的情况下领养宠物。</p><p>五、为了主人和宠物之间能够更好的相处，申请人需亲自选定领养宠物，不得请其他人代劳。</p><p>六、所有领养动物均已做过绝育手术，如因领养时动物年龄幼小不宜做手术，领养人需保证领养后再领养协议规定的时间内未领养的动物做绝育手术，严禁繁殖售卖。</p><p>七、领养人保证做文明的宠物主人，不虐待动物，不打扰邻里正常生活，保证环境卫生。</p><p>八、动物与人类不同，动物的行为通常无法误测，因此当动物和儿童相处时，需有成人在场，领养前请充分了解宠物的性情，习惯，根据自身条件和偏好选择合适的伴侣宠物领养。</p><p>九、领养后主人请务必做到科学喂养，宠物每餐需喂猫粮，罐头)，由于流浪宠物的特殊性请主人在条件允许的情况下喂养一定的营养品。</p><p>十、主人在领养后，如宠物出现任何身体不适，受伤或需要打疫苗的情况，请务必联系我们领养中心员工并尽快带领宠物到我们救助站医院就诊。</p><p><br></p><p>以上就是领养的流程和对领养人的条件，除了些最重要的就是领养人对宠物的爱!既然选择领养就请务必要对他负责，领养不难，更多的是要给予温暖和陪伴。</p>', '详细介绍宠物领养需要注意的事项', 1, '1770857331544580097', '2024-04-24 14:56:56', '1770857331544580097', '2024-04-24 14:56:56', 0);

-- ----------------------------
-- Table structure for tbl_notice_type
-- ----------------------------
DROP TABLE IF EXISTS `tbl_notice_type`;
CREATE TABLE `tbl_notice_type`  (
  `id` varchar(32) CHARACTER SET utf8mb4 COLLATE utf8mb4_bin NOT NULL COMMENT '公告类型id，主键id',
  `name` varchar(255) CHARACTER SET utf8mb4 COLLATE utf8mb4_bin NULL DEFAULT NULL COMMENT '公告类型名称',
  `desc` varchar(255) CHARACTER SET utf8mb4 COLLATE utf8mb4_bin NULL DEFAULT NULL COMMENT '描述说明',
  `sort` int NULL DEFAULT NULL COMMENT '排序',
  `status` int NULL DEFAULT NULL COMMENT '状态 1-启用 2-禁用',
  `create_id` varchar(32) CHARACTER SET utf8mb4 COLLATE utf8mb4_bin NULL DEFAULT NULL COMMENT '创建人id',
  `create_time` datetime NULL DEFAULT NULL COMMENT '创建时间',
  `update_id` varchar(32) CHARACTER SET utf8mb4 COLLATE utf8mb4_bin NULL DEFAULT NULL COMMENT '更新人id',
  `update_time` datetime NULL DEFAULT NULL COMMENT '更新时间',
  `is_del` int NOT NULL COMMENT '逻辑删除 0-否 1-是',
  PRIMARY KEY (`id`) USING BTREE
) ENGINE = InnoDB CHARACTER SET = utf8mb4 COLLATE = utf8mb4_bin COMMENT = '公告类型信息表' ROW_FORMAT = Dynamic;

-- ----------------------------
-- Records of tbl_notice_type
-- ----------------------------
INSERT INTO `tbl_notice_type` VALUES ('1781938722004844545', '公告类型1', '公告类型1公告类型1', 2, 1, '1774752851241500673', '2024-04-21 14:51:13', '1770857331544580097', '2024-04-24 14:57:47', 0);
INSERT INTO `tbl_notice_type` VALUES ('1781938955086512129', '公告类型3', '公告类型3', 4, 1, '1774752851241500673', '2024-04-21 14:52:08', '1770857331544580097', '2024-04-24 14:58:20', 0);
INSERT INTO `tbl_notice_type` VALUES ('1781939000762482689', '公告类型4', '公告类型4', 4, 1, '1774752851241500673', '2024-04-21 14:52:19', '1770857331544580097', '2024-04-22 12:54:30', 1);
INSERT INTO `tbl_notice_type` VALUES ('1782238536298930178', '公告分类5', '公告分类5公告分类5', 5, 1, '1770857331544580097', '2024-04-22 10:42:34', '1770857331544580097', '2024-04-22 12:53:15', 1);
INSERT INTO `tbl_notice_type` VALUES ('1782239618525831169', '公告4', '公告分类4公告分类4', 5, 2, '1770857331544580097', '2024-04-22 10:46:52', '1770857331544580097', '2024-04-24 14:58:24', 0);
INSERT INTO `tbl_notice_type` VALUES ('1782249030111993857', '公告类型2', '公告类型2公告类型2', 3, 1, '1770857331544580097', '2024-04-22 11:24:16', '1770857331544580097', '2024-04-24 14:58:15', 0);
INSERT INTO `tbl_notice_type` VALUES ('1782271916021391361', '公告5', '', 6, 1, '1770857331544580097', '2024-04-22 12:55:12', '1770857331544580097', '2024-04-24 14:58:31', 0);
INSERT INTO `tbl_notice_type` VALUES ('1783022631945785346', '平台公告', '平台发布公告用于全站通知', 1, 1, '1770857331544580097', '2024-04-24 14:38:17', '1770857331544580097', '2024-04-24 14:40:12', 0);

-- ----------------------------
-- Table structure for tbl_post
-- ----------------------------
DROP TABLE IF EXISTS `tbl_post`;
CREATE TABLE `tbl_post`  (
  `id` varchar(32) CHARACTER SET utf8mb4 COLLATE utf8mb4_bin NOT NULL COMMENT '帖子id',
  `title` varchar(255) CHARACTER SET utf8mb4 COLLATE utf8mb4_bin NULL DEFAULT NULL COMMENT '标题',
  `biz_type` int NULL DEFAULT NULL COMMENT '业务类型 1-领养 2-挂失 99-其他',
  `category_id` varchar(32) CHARACTER SET utf8mb4 COLLATE utf8mb4_bin NULL DEFAULT NULL COMMENT '动物类目id',
  `post_abstract` text CHARACTER SET utf8mb4 COLLATE utf8mb4_bin NULL COMMENT '摘要',
  `content` text CHARACTER SET utf8mb4 COLLATE utf8mb4_bin NULL COMMENT '内容',
  `status` int NULL DEFAULT NULL COMMENT '状态 1-待审核 2-审核通过 3-审核拒绝 4-已关闭',
  `audit_id` varchar(32) CHARACTER SET utf8mb4 COLLATE utf8mb4_bin NULL DEFAULT NULL COMMENT '审核人id',
  `audit_time` datetime NULL DEFAULT NULL COMMENT '审核时间',
  `audit_remark` varchar(255) CHARACTER SET utf8mb4 COLLATE utf8mb4_bin NULL DEFAULT NULL COMMENT '审核备注',
  `close_reason` varchar(255) CHARACTER SET utf8mb4 COLLATE utf8mb4_bin NULL DEFAULT NULL COMMENT '关闭原因',
  `create_id` varchar(32) CHARACTER SET utf8mb4 COLLATE utf8mb4_bin NULL DEFAULT NULL COMMENT '创建人id',
  `create_time` datetime NULL DEFAULT NULL COMMENT '创建时间',
  `update_id` varchar(32) CHARACTER SET utf8mb4 COLLATE utf8mb4_bin NULL DEFAULT NULL COMMENT '更新人id',
  `update_time` datetime NULL DEFAULT NULL COMMENT '更新时间',
  `is_del` int NOT NULL COMMENT '逻辑删除 0-否 1-是',
  PRIMARY KEY (`id`) USING BTREE
) ENGINE = InnoDB CHARACTER SET = utf8mb4 COLLATE = utf8mb4_bin COMMENT = '帖子信息表' ROW_FORMAT = Dynamic;

-- ----------------------------
-- Records of tbl_post
-- ----------------------------
INSERT INTO `tbl_post` VALUES ('1774349962803245057', '测试帖子1', 1, '1764208201476894721', '看上去太傻了，不想要了', '<p><strong>太傻了，不想要了...🙄</strong></p><p><u>看上去太傻了，不要了...👀</u></p><p><em>不要了...</em></p><p><s>bu</s></p><ul><li>不</li><li>不要了...</li></ul><table style=\"width: auto;\"><tbody><tr><th colSpan=\"1\" rowSpan=\"1\" width=\"auto\">1</th><th colSpan=\"1\" rowSpan=\"1\" width=\"auto\">1</th><th colSpan=\"1\" rowSpan=\"1\" width=\"auto\">1</th><th colSpan=\"1\" rowSpan=\"1\" width=\"auto\">1</th></tr><tr><td colSpan=\"1\" rowSpan=\"1\" width=\"auto\">1</td><td colSpan=\"1\" rowSpan=\"1\" width=\"auto\">2</td><td colSpan=\"1\" rowSpan=\"1\" width=\"auto\">3</td><td colSpan=\"1\" rowSpan=\"1\" width=\"auto\">4</td></tr></tbody></table><p><br></p>', 4, NULL, NULL, NULL, '关闭', '1751982013341843457', '2024-03-31 16:16:12', '1770857331544580097', '2024-03-31 17:11:21', 0);
INSERT INTO `tbl_post` VALUES ('1774351300131909633', '测试帖子2', 1, '1764215564686618626', '估计哪天自己就走丢了', '<p><strong>太傻了，不想要了...🙄</strong></p><p><u>看上去太傻了，不要了...👀</u></p><p><em>不要了...</em></p><p><s>bu</s></p><ul><li>不</li><li>不要了...</li></ul><table style=\"width: auto;\"><tbody><tr><th colSpan=\"1\" rowSpan=\"1\" width=\"auto\">1</th><th colSpan=\"1\" rowSpan=\"1\" width=\"auto\">1</th><th colSpan=\"1\" rowSpan=\"1\" width=\"auto\">1</th><th colSpan=\"1\" rowSpan=\"1\" width=\"auto\">1</th></tr><tr><td colSpan=\"1\" rowSpan=\"1\" width=\"auto\">1</td><td colSpan=\"1\" rowSpan=\"1\" width=\"auto\">2</td><td colSpan=\"1\" rowSpan=\"1\" width=\"auto\">3</td><td colSpan=\"1\" rowSpan=\"1\" width=\"auto\">4</td></tr></tbody></table><p><br></p>', 2, '1770857331544580097', '2024-03-31 16:59:15', '通过', NULL, '1751982013341843457', '2024-03-31 16:21:30', '1770857331544580097', '2024-03-31 16:59:15', 0);
INSERT INTO `tbl_post` VALUES ('1774376482997395457', '小狗丢了', 2, '1763495127895875585', '丢了帮我找找', '<p>啊</p><p>啊</p><p>啊</p><p>啊</p><p>啊啊啊啊</p>', 2, '1770857331544580097', '2024-03-31 18:03:57', '1', NULL, '1751982013341843457', '2024-03-31 18:01:35', '1770857331544580097', '2024-03-31 18:03:57', 0);
INSERT INTO `tbl_post` VALUES ('1774376619454881793', '帖子4', 1, '1763390044038279170', '啊哈哈', '<p>啊哈哈哈哈哈哈哈哈</p>', 2, '1770857331544580097', '2024-03-31 18:03:53', '1', NULL, '1751982013341843457', '2024-03-31 18:02:07', '1751982013341843457', '2024-04-25 04:27:04', 1);
INSERT INTO `tbl_post` VALUES ('1774388458452541442', '帖子帖子帖子', 99, '1763390044038279170', '摘要摘要摘要摘要摘要', '<p>内容内容内容内容内容</p><p>内容内容内容内容内容内容</p><p>内容内容内容</p>', 2, '1770857331544580097', '2024-03-31 18:51:19', '1', NULL, '1751982013341843457', '2024-03-31 18:49:10', '1770857331544580097', '2024-03-31 18:51:19', 0);
INSERT INTO `tbl_post` VALUES ('1774389245257834497', '啊啊啊啊啊啊啊', 2, '1763390044038279170', '啊啊啊啊啊', '<p>啊啊啊啊啊啊啊啊啊啊啊啊啊啊啊啊啊啊啊啊啊啊啊啊啊啊啊啊啊啊啊啊啊啊啊啊啊啊啊啊</p>', 2, '1770857331544580097', '2024-03-31 18:52:30', '啊啊啊啊啊', NULL, '1751982013341843457', '2024-03-31 18:52:17', '1751982013341843457', '2024-04-25 04:26:51', 1);
INSERT INTO `tbl_post` VALUES ('1774389659264999426', '测测试试', 99, '1763390044038279170', '摘要摘要摘要摘要摘要摘要摘要摘要摘要摘要摘要摘要摘要摘要摘要摘要摘要摘要摘要摘要摘要摘要摘要摘要摘要摘要摘要摘要摘要摘要摘要摘要摘要摘要摘要摘要摘要摘要摘要摘要摘要摘要摘要摘要摘要摘要摘要摘要摘要摘要摘要摘要摘要摘要摘要摘要摘要摘要摘要摘要摘要摘要摘要摘要摘要摘要摘要摘要摘要摘要摘要摘要摘要摘要摘要摘要摘要摘要摘要摘要摘要摘要摘要摘要摘要摘要摘要摘要摘要摘要摘要摘要摘要摘要摘要摘要摘要摘要摘要摘要摘要摘要摘要摘要摘要摘要摘要摘要摘要摘要摘要摘要摘要摘要摘要摘要摘要摘要摘要摘要摘要摘要摘要摘要摘要摘要摘要摘要摘要摘要摘要摘要摘要摘要摘要摘要摘要摘要摘要摘要摘要摘要摘要摘要摘要摘要摘要摘要摘要摘要', '<p>正文</p>', 2, '1770857331544580097', '2024-03-31 18:54:11', '啊啊啊啊啊', NULL, '1751982013341843457', '2024-03-31 18:53:56', '1770857331544580097', '2024-03-31 18:54:11', 0);
INSERT INTO `tbl_post` VALUES ('1774410540817149953', '帮我养她！', 1, '1763495127895875585', '爱她就帮我养她！', '<p>阿吧阿巴阿巴巴阿巴巴阿巴巴</p>', 2, '1770857331544580097', '2024-03-31 20:17:09', '1', NULL, '1751982013341843457', '2024-03-31 20:16:55', '1770857331544580097', '2024-03-31 20:17:09', 0);
INSERT INTO `tbl_post` VALUES ('1774444040609927169', '测试帖子AAAAA', 1, '1763390044038279170', '重要摘要重要摘要重要摘要重要摘要重要摘要重要摘要', '<p><strong>太傻了，不想要了...</strong>🙄</p><p><u>看上去太傻了，不要了</u>...👀</p><p><em>不要了...</em></p><p><s>bu</s></p><ul><li>不</li><li>不要了...</li><li>1 1 1 1</li><li>1 2 3 4</li></ul><table style=\"width: auto;\"><tbody><tr><th colSpan=\"1\" rowSpan=\"1\" width=\"auto\">1</th><th colSpan=\"1\" rowSpan=\"1\" width=\"auto\"></th><th colSpan=\"1\" rowSpan=\"1\" width=\"auto\"></th><th colSpan=\"1\" rowSpan=\"1\" width=\"auto\"></th><th colSpan=\"1\" rowSpan=\"1\" width=\"auto\"></th><th colSpan=\"1\" rowSpan=\"1\" width=\"auto\"></th><th colSpan=\"1\" rowSpan=\"1\" width=\"auto\"></th><th colSpan=\"1\" rowSpan=\"1\" width=\"auto\"></th></tr><tr><td colSpan=\"1\" rowSpan=\"1\" width=\"auto\"></td><td colSpan=\"1\" rowSpan=\"1\" width=\"auto\"></td><td colSpan=\"1\" rowSpan=\"1\" width=\"auto\">1</td><td colSpan=\"1\" rowSpan=\"1\" width=\"auto\"></td><td colSpan=\"1\" rowSpan=\"1\" width=\"auto\"></td><td colSpan=\"1\" rowSpan=\"1\" width=\"auto\"></td><td colSpan=\"1\" rowSpan=\"1\" width=\"auto\"></td><td colSpan=\"1\" rowSpan=\"1\" width=\"auto\"></td></tr><tr><td colSpan=\"1\" rowSpan=\"1\" width=\"auto\"></td><td colSpan=\"1\" rowSpan=\"1\" width=\"auto\"></td><td colSpan=\"1\" rowSpan=\"1\" width=\"auto\"></td><td colSpan=\"1\" rowSpan=\"1\" width=\"auto\"></td><td colSpan=\"1\" rowSpan=\"1\" width=\"auto\"></td><td colSpan=\"1\" rowSpan=\"1\" width=\"auto\"></td><td colSpan=\"1\" rowSpan=\"1\" width=\"auto\"></td><td colSpan=\"1\" rowSpan=\"1\" width=\"auto\"></td></tr><tr><td colSpan=\"1\" rowSpan=\"1\" width=\"auto\"></td><td colSpan=\"1\" rowSpan=\"1\" width=\"auto\"></td><td colSpan=\"1\" rowSpan=\"1\" width=\"auto\"></td><td colSpan=\"1\" rowSpan=\"1\" width=\"auto\">1</td><td colSpan=\"1\" rowSpan=\"1\" width=\"auto\"></td><td colSpan=\"1\" rowSpan=\"1\" width=\"auto\"></td><td colSpan=\"1\" rowSpan=\"1\" width=\"auto\"></td><td colSpan=\"1\" rowSpan=\"1\" width=\"auto\"></td></tr><tr><td colSpan=\"1\" rowSpan=\"1\" width=\"auto\"></td><td colSpan=\"1\" rowSpan=\"1\" width=\"auto\"></td><td colSpan=\"1\" rowSpan=\"1\" width=\"auto\"></td><td colSpan=\"1\" rowSpan=\"1\" width=\"auto\"></td><td colSpan=\"1\" rowSpan=\"1\" width=\"auto\"></td><td colSpan=\"1\" rowSpan=\"1\" width=\"auto\">1</td><td colSpan=\"1\" rowSpan=\"1\" width=\"auto\"></td><td colSpan=\"1\" rowSpan=\"1\" width=\"auto\"></td></tr><tr><td colSpan=\"1\" rowSpan=\"1\" width=\"auto\"></td><td colSpan=\"1\" rowSpan=\"1\" width=\"auto\"></td><td colSpan=\"1\" rowSpan=\"1\" width=\"auto\"></td><td colSpan=\"1\" rowSpan=\"1\" width=\"auto\"></td><td colSpan=\"1\" rowSpan=\"1\" width=\"auto\"></td><td colSpan=\"1\" rowSpan=\"1\" width=\"auto\"></td><td colSpan=\"1\" rowSpan=\"1\" width=\"auto\"></td><td colSpan=\"1\" rowSpan=\"1\" width=\"auto\"></td></tr></tbody></table><p><br></p>', 2, '1770857331544580097', '2024-03-31 22:30:09', NULL, NULL, '1751982013341843457', '2024-03-31 22:30:02', '1751982013341843457', '2024-04-25 04:04:37', 0);
INSERT INTO `tbl_post` VALUES ('1774759475872038913', '我去码头整点薯条', 1, '1764215564686618626', '“我们要飞向何方”   “我待会儿要去码头整点薯条” \n“你误会了伙计，我说的是咱们这辈子的终极目标。归根结底，活着是为了什么”   “为了待会儿去码头整点薯条”', '<ul><li>1</li><li>2</li><li>3</li><li>4</li><li>5</li></ul><p>薯条我只认KFC！！！</p>', 2, '1770857331544580097', '2024-04-01 19:23:47', NULL, NULL, '1774752851241500673', '2024-04-01 19:23:27', '1770857331544580097', '2024-04-01 19:23:47', 0);
INSERT INTO `tbl_post` VALUES ('1776015148656185346', '我家小舞不见了', 2, '1764208201476894721', '昨晚深夜自己跑出去还没回来，请大家帮忙留意一下', '<p>昨晚深夜自己跑出去还没回来，请大家帮忙留意一下</p>', 2, '1770857331544580097', '2024-04-08 10:15:03', '不行', NULL, '1775971753153875969', '2024-04-05 06:33:03', '1770857331544580097', '2024-04-08 10:15:03', 0);
INSERT INTO `tbl_post` VALUES ('1783225986534125570', '小黑今天3岁啦！', 99, '1763389821836636162', '小黑今天3岁啦！好耶好耶！', '<p>小黑今天3岁啦！</p><p><strong>小黑今天3岁啦！！</strong></p><p>小黑今天3岁啦！！！！</p>', 1, NULL, NULL, NULL, NULL, '1751982013341843457', '2024-04-25 04:06:21', '1751982013341843457', '2024-04-25 04:06:50', 0);

-- ----------------------------
-- Table structure for tbl_user_auth
-- ----------------------------
DROP TABLE IF EXISTS `tbl_user_auth`;
CREATE TABLE `tbl_user_auth`  (
  `id` varchar(32) CHARACTER SET utf8mb4 COLLATE utf8mb4_bin NOT NULL COMMENT '主键id',
  `user_id` varchar(32) CHARACTER SET utf8mb4 COLLATE utf8mb4_bin NULL DEFAULT NULL COMMENT '用户id',
  `token` text CHARACTER SET utf8mb4 COLLATE utf8mb4_bin NULL COMMENT '用户token',
  `key` varchar(50) CHARACTER SET utf8mb4 COLLATE utf8mb4_bin NULL DEFAULT NULL,
  `value` json NULL,
  `create_time` datetime NULL DEFAULT NULL COMMENT '登录时间',
  PRIMARY KEY (`id`) USING BTREE,
  UNIQUE INDEX `user_id`(`user_id`) USING BTREE
) ENGINE = InnoDB CHARACTER SET = utf8mb4 COLLATE = utf8mb4_bin ROW_FORMAT = Dynamic;

-- ----------------------------
-- Records of tbl_user_auth
-- ----------------------------
INSERT INTO `tbl_user_auth` VALUES ('1763491414569492482', '1752518962293059585', 'eyJhbGciOiJIUzUxMiJ9.eyJ1c2VySWQiOiIxNzUyNTE4OTYyMjkzMDU5NTg1IiwiYWNjb3VudCI6IjQ4NTI0OTk4MzAyNiIsInBob25lIjoiMTM1NjY2NjU1NTUiLCJzdWIiOiIxNzUyNTE4OTYyMjkzMDU5NTg1IiwiaWF0IjoxNzA3Mjc0NzY2LCJleHAiOjE3Mzg4MTA3NjZ9.SerhN6KSWlTUHevPzjbz7ENe9SJ6bNqIH_B1sesvyhlH5OiMU9eeYjWsBfvYWK90OZyA1WlSWBWvCddhJgADSw', 'LOGIN_USER:1752518962293059585', '{\"id\": \"1752518962293059585\", \"phone\": \"13566665555\", \"token\": \"eyJhbGciOiJIUzUxMiJ9.eyJ1c2VySWQiOiIxNzUyNTE4OTYyMjkzMDU5NTg1IiwiYWNjb3VudCI6IjQ4NTI0OTk4MzAyNiIsInBob25lIjoiMTM1NjY2NjU1NTUiLCJzdWIiOiIxNzUyNTE4OTYyMjkzMDU5NTg1IiwiaWF0IjoxNzA3Mjc0NzY2LCJleHAiOjE3Mzg4MTA3NjZ9.SerhN6KSWlTUHevPzjbz7ENe9SJ6bNqIH_B1sesvyhlH5OiMU9eeYjWsBfvYWK90OZyA1WlSWBWvCddhJgADSw\", \"avatar\": null, \"gender\": \"F\", \"account\": \"485249983026\", \"nickName\": \"我没k\", \"realName\": \"\", \"userType\": \"PLATFORM_ADMIN\"}', '2024-03-01 17:08:12');
INSERT INTO `tbl_user_auth` VALUES ('1768562399228252162', '1768562349051793409', 'eyJhbGciOiJIUzUxMiJ9.eyJ1c2VySWQiOiIxNzY4NTYyMzQ5MDUxNzkzNDA5IiwiYWNjb3VudCI6IjMwMzg1ODY4NTU2MiIsInBob25lIjoiMTM2Njc2NjgwMzIiLCJzdWIiOiIxNzY4NTYyMzQ5MDUxNzkzNDA5IiwiaWF0IjoxNzEwNDkzMTA4LCJleHAiOjE3NDIwMjkxMDh9.Fiz0Hc02hQgOiyEEMYxgxhMN9UdyBKmULAqk8C_8jgh4FJj4qXYJstDdD5fvgLzMXWONHXRBVemf5jnU15AZBQ', 'LOGIN_USER:1768562349051793409', '{\"id\": \"1768562349051793409\", \"phone\": \"13667668032\", \"token\": \"eyJhbGciOiJIUzUxMiJ9.eyJ1c2VySWQiOiIxNzY4NTYyMzQ5MDUxNzkzNDA5IiwiYWNjb3VudCI6IjMwMzg1ODY4NTU2MiIsInBob25lIjoiMTM2Njc2NjgwMzIiLCJzdWIiOiIxNzY4NTYyMzQ5MDUxNzkzNDA5IiwiaWF0IjoxNzEwNDkzMTA4LCJleHAiOjE3NDIwMjkxMDh9.Fiz0Hc02hQgOiyEEMYxgxhMN9UdyBKmULAqk8C_8jgh4FJj4qXYJstDdD5fvgLzMXWONHXRBVemf5jnU15AZBQ\", \"avatar\": null, \"gender\": \"F\", \"account\": \"303858685562\", \"nickName\": \"萧瑟\", \"realName\": \"王淳煜\", \"userType\": \"NORMAL_USER\"}', '2024-03-15 16:58:29');
INSERT INTO `tbl_user_auth` VALUES ('1769994564696616961', '1769920699836444674', 'eyJhbGciOiJIUzUxMiJ9.eyJ1c2VySWQiOiIxNzY5OTIwNjk5ODM2NDQ0Njc0IiwiYWNjb3VudCI6IjcxOTM3MDQ1ODY5NSIsInBob25lIjoiMTM1ODg4ODg4ODgiLCJzdWIiOiIxNzY5OTIwNjk5ODM2NDQ0Njc0IiwiaWF0IjoxNzEwODE3MDU4LCJleHAiOjE3NDIzNTMwNTh9.5cL0kXNDkLGh03E_N8AAkLfJBNMKaQR2rOVZEf17GXEpzHhTVw-HALhDjt_rjexk0JliaWR0wAP3clvx7lTf6w', 'LOGIN_USER:1769920699836444674', '{\"id\": \"1769920699836444674\", \"phone\": \"13588888888\", \"token\": \"eyJhbGciOiJIUzUxMiJ9.eyJ1c2VySWQiOiIxNzY5OTIwNjk5ODM2NDQ0Njc0IiwiYWNjb3VudCI6IjcxOTM3MDQ1ODY5NSIsInBob25lIjoiMTM1ODg4ODg4ODgiLCJzdWIiOiIxNzY5OTIwNjk5ODM2NDQ0Njc0IiwiaWF0IjoxNzEwODE3MDU4LCJleHAiOjE3NDIzNTMwNTh9.5cL0kXNDkLGh03E_N8AAkLfJBNMKaQR2rOVZEf17GXEpzHhTVw-HALhDjt_rjexk0JliaWR0wAP3clvx7lTf6w\", \"avatar\": \"\", \"gender\": \"M\", \"status\": 1, \"account\": \"719370458695\", \"nickName\": \"Ame^^\", \"realName\": \"雨\", \"userType\": \"NORMAL_USER\"}', '2024-03-19 15:49:24');
INSERT INTO `tbl_user_auth` VALUES ('1783159017168506881', '1774752851241500673', 'eyJhbGciOiJIUzUxMiJ9.eyJ1c2VySWQiOiIxNzc0NzUyODUxMjQxNTAwNjczIiwiYWNjb3VudCI6IjY1ODE5MTg0ODM3NyIsInBob25lIjoiMTM2Nzg3ODc4NzgiLCJzdWIiOiIxNzc0NzUyODUxMjQxNTAwNjczIiwiaWF0IjoxNzExOTY5MDQzLCJleHAiOjE3NDM1MDUwNDN9.YVzHzE3EtwG6v8RrWOZLjbEG-H1YmkXyR4OMawaIMcWMKwsLlEiZZpf33Snk3x-znHdr17kruNCUw-pc40dkHw', 'LOGIN_USER:1774752851241500673', '{\"id\": \"1774752851241500673\", \"phone\": \"13678787878\", \"token\": \"eyJhbGciOiJIUzUxMiJ9.eyJ1c2VySWQiOiIxNzc0NzUyODUxMjQxNTAwNjczIiwiYWNjb3VudCI6IjY1ODE5MTg0ODM3NyIsInBob25lIjoiMTM2Nzg3ODc4NzgiLCJzdWIiOiIxNzc0NzUyODUxMjQxNTAwNjczIiwiaWF0IjoxNzExOTY5MDQzLCJleHAiOjE3NDM1MDUwNDN9.YVzHzE3EtwG6v8RrWOZLjbEG-H1YmkXyR4OMawaIMcWMKwsLlEiZZpf33Snk3x-znHdr17kruNCUw-pc40dkHw\", \"avatar\": \"http://127.0.0.1:8080/image/avatar/15b01494aedb615e5a46ad9af0d9ecb9.jpg\", \"gender\": \"F\", \"status\": 1, \"account\": \"658191848377\", \"nickName\": \"去码头整点薯条\", \"realName\": \"zjq\", \"userType\": \"NORMAL_USER\"}', '2024-04-24 23:40:14');
INSERT INTO `tbl_user_auth` VALUES ('1783193384548896770', '1775971753153875969', 'eyJhbGciOiJIUzUxMiJ9.eyJ1c2VySWQiOiIxNzc1OTcxNzUzMTUzODc1OTY5IiwiYWNjb3VudCI6IjE4ODgyODM2MDAwMiIsInBob25lIjoiMTg5NjY2NjkwOTAiLCJzdWIiOiIxNzc1OTcxNzUzMTUzODc1OTY5IiwiaWF0IjoxNzEyMjU5NzkxLCJleHAiOjE3NDM3OTU3OTF9.HwWDB_CGGgLOULaitFc74QBo06ix6nl_p8gZxkvR5-fEmf22ofyJZMp35jK8Xu0ejUAVxWdUrRYuR_BFdIR79Q', 'LOGIN_USER:1775971753153875969', '{\"id\": \"1775971753153875969\", \"phone\": \"18966669090\", \"token\": \"eyJhbGciOiJIUzUxMiJ9.eyJ1c2VySWQiOiIxNzc1OTcxNzUzMTUzODc1OTY5IiwiYWNjb3VudCI6IjE4ODgyODM2MDAwMiIsInBob25lIjoiMTg5NjY2NjkwOTAiLCJzdWIiOiIxNzc1OTcxNzUzMTUzODc1OTY5IiwiaWF0IjoxNzEyMjU5NzkxLCJleHAiOjE3NDM3OTU3OTF9.HwWDB_CGGgLOULaitFc74QBo06ix6nl_p8gZxkvR5-fEmf22ofyJZMp35jK8Xu0ejUAVxWdUrRYuR_BFdIR79Q\", \"avatar\": \"\", \"gender\": \"F\", \"status\": 1, \"account\": \"188828360002\", \"nickName\": \"小饼干\", \"realName\": \"林一\", \"userType\": \"NORMAL_USER\"}', '2024-04-25 01:56:48');
INSERT INTO `tbl_user_auth` VALUES ('1783194288882782209', '1770857331544580097', 'eyJhbGciOiJIUzUxMiJ9.eyJ1c2VySWQiOiIxNzcwODU3MzMxNTQ0NTgwMDk3IiwiYWNjb3VudCI6Ijk0MDc1MjU1NTMwOCIsInBob25lIjoiMTY3ODk4NzY1NjciLCJzdWIiOiIxNzcwODU3MzMxNTQ0NTgwMDk3IiwiaWF0IjoxNzExMDQwMjY5LCJleHAiOjE3NDI1NzYyNjl9.-f_z-_jTSlzifMeMMZLRmRNVl2nsTxP0LkvJjdrfi4O3vNzhK6xT_HfLcGQRXA74RXlsusdA3b1-R1wkDQFcTg', 'LOGIN_USER:1770857331544580097', '{\"id\": \"1770857331544580097\", \"phone\": \"16789876567\", \"token\": \"eyJhbGciOiJIUzUxMiJ9.eyJ1c2VySWQiOiIxNzcwODU3MzMxNTQ0NTgwMDk3IiwiYWNjb3VudCI6Ijk0MDc1MjU1NTMwOCIsInBob25lIjoiMTY3ODk4NzY1NjciLCJzdWIiOiIxNzcwODU3MzMxNTQ0NTgwMDk3IiwiaWF0IjoxNzExMDQwMjY5LCJleHAiOjE3NDI1NzYyNjl9.-f_z-_jTSlzifMeMMZLRmRNVl2nsTxP0LkvJjdrfi4O3vNzhK6xT_HfLcGQRXA74RXlsusdA3b1-R1wkDQFcTg\", \"avatar\": \"http://127.0.0.1:8080/image/avatar/a94b6f892c35462324cabbe6f84e5c4e.jpg\", \"gender\": \"F\", \"status\": 1, \"account\": \"admin\", \"nickName\": \"admin\", \"realName\": \"admin\", \"userType\": \"PLATFORM_ADMIN\"}', '2024-04-25 02:00:23');
INSERT INTO `tbl_user_auth` VALUES ('1783748810877243393', '1751982013341843457', 'eyJhbGciOiJIUzUxMiJ9.eyJ1c2VySWQiOiIxNzUxOTgyMDEzMzQxODQzNDU3IiwiYWNjb3VudCI6IjU2MTQyOTI1ODIzMyIsInBob25lIjoiMTg5Njc2Njg4ODgiLCJzdWIiOiIxNzUxOTgyMDEzMzQxODQzNDU3IiwiaWF0IjoxNzA2NjY3OTcyLCJleHAiOjE3MzgyMDM5NzJ9.QkR0YIcdNpEUsmOK2brza-X37qRafi9Sk9Xre9VvbLeZjtyH19atdBBlJSViXsXKuFqLn8Co2w-d55uMDAnYNg', 'LOGIN_USER:1751982013341843457', '{\"id\": \"1751982013341843457\", \"phone\": \"18967668088\", \"token\": \"eyJhbGciOiJIUzUxMiJ9.eyJ1c2VySWQiOiIxNzUxOTgyMDEzMzQxODQzNDU3IiwiYWNjb3VudCI6IjU2MTQyOTI1ODIzMyIsInBob25lIjoiMTg5Njc2Njg4ODgiLCJzdWIiOiIxNzUxOTgyMDEzMzQxODQzNDU3IiwiaWF0IjoxNzA2NjY3OTcyLCJleHAiOjE3MzgyMDM5NzJ9.QkR0YIcdNpEUsmOK2brza-X37qRafi9Sk9Xre9VvbLeZjtyH19atdBBlJSViXsXKuFqLn8Co2w-d55uMDAnYNg\", \"avatar\": \"http://127.0.0.1:8080/image/avatar/ed8fa3142c1cb2cab53111fb60a4c67b.jpg\", \"gender\": \"F\", \"status\": 1, \"account\": \"561429258233\", \"nickName\": \"邪恶佩奇\", \"realName\": \"XD\", \"userType\": \"NORMAL_USER\"}', '2024-04-26 14:43:52');

-- ----------------------------
-- Function structure for recurveDownCategoryId
-- ----------------------------
DROP FUNCTION IF EXISTS `recurveDownCategoryId`;
delimiter ;;
CREATE FUNCTION `recurveDownCategoryId`(categoryId VARCHAR(40))
 RETURNS varchar(10000) CHARSET utf8mb4
BEGIN
DECLARE sTemp VARCHAR(10000);
DECLARE sTempChd VARCHAR(4000);

SET sTemp= categoryId;
SET sTempChd = categoryId;

WHILE sTempChd IS NOT NULL DO
SELECT GROUP_CONCAT(a.id) INTO sTempChd FROM tbl_animal_category a WHERE FIND_IN_SET(a.pid, sTempChd)>0;

if sTempChd is not null then 
	SET sTemp= CONCAT(sTemp,',',sTempChd);
end if;

END WHILE;
RETURN sTemp;
END
;;
delimiter ;

-- ----------------------------
-- Function structure for recurveUpCategoryId
-- ----------------------------
DROP FUNCTION IF EXISTS `recurveUpCategoryId`;
delimiter ;;
CREATE FUNCTION `recurveUpCategoryId`(categoryId VARCHAR(40))
 RETURNS varchar(10000) CHARSET utf8mb4
BEGIN
DECLARE sTemp VARCHAR(10000);
DECLARE sTempChd VARCHAR(4000);

SET sTemp= categoryId;
SET sTempChd = categoryId;

WHILE sTempChd IS NOT NULL DO
SELECT GROUP_CONCAT(a.pid) INTO sTempChd FROM tbl_animal_category a WHERE FIND_IN_SET(a.id, sTemp)>0;

if sTempChd is not null then 
	SET sTemp= CONCAT(sTemp,',',sTempChd);
	end if;

END WHILE;
RETURN sTemp;
END
;;
delimiter ;

SET FOREIGN_KEY_CHECKS = 1;
